:0200000460009A
:100000004643464200000156000000000103030081
:1000100000000000000000000000000000000000E0
:1000200000000000000000000000000000000000D0
:1000300000000000000000000000000000000000C0
:1000400000000000010408000000000000000000A3
:100050000000800000000000000000000000000020
:100060000000000000000000000000000000000090
:100070000000000000000000000000000000000080
:10008000EB04180A063204260000000000000000FD
:10009000050404240000000000000000000000002F
:1000A0000000000000000000000000000000000050
:1000B0000604000000000000000000000000000036
:1000C0000000000000000000000000000000000030
:1000D00020041808000000000000000000000000DC
:1000E0000000000000000000000000000000000010
:1000F0000000000000000000000000000000000000
:10010000D8041808000000000000000000000000F3
:100110000204180804200000000000000000000095
:1001200000000000000000000000000000000000CF
:10013000600400000000000000000000000000005B
:1001400000000000000000000000000000000000AF
:10015000000000000000000000000000000000009F
:10016000000000000000000000000000000000008F
:10017000000000000000000000000000000000007F
:10018000000000000000000000000000000000006F
:10019000000000000000000000000000000000005F
:1001A000000000000000000000000000000000004F
:1001B000000000000000000000000000000000003F
:1001C000000100000010000001000000000000001D
:1001D000000001000000000000000000000000001E
:1001E000000000000000000000000000000000000F
:1001F00000000000000000000000000000000000FF
:10020000FFFFFFFFFFFFFFFFFFFFFFFFFFFFFFFFFE
:10021000FFFFFFFFFFFFFFFFFFFFFFFFFFFFFFFFEE
:10022000FFFFFFFFFFFFFFFFFFFFFFFFFFFFFFFFDE
:10023000FFFFFFFFFFFFFFFFFFFFFFFFFFFFFFFFCE
:10024000FFFFFFFFFFFFFFFFFFFFFFFFFFFFFFFFBE
:10025000FFFFFFFFFFFFFFFFFFFFFFFFFFFFFFFFAE
:10026000FFFFFFFFFFFFFFFFFFFFFFFFFFFFFFFF9E
:10027000FFFFFFFFFFFFFFFFFFFFFFFFFFFFFFFF8E
:10028000FFFFFFFFFFFFFFFFFFFFFFFFFFFFFFFF7E
:10029000FFFFFFFFFFFFFFFFFFFFFFFFFFFFFFFF6E
:1002A000FFFFFFFFFFFFFFFFFFFFFFFFFFFFFFFF5E
:1002B000FFFFFFFFFFFFFFFFFFFFFFFFFFFFFFFF4E
:1002C000FFFFFFFFFFFFFFFFFFFFFFFFFFFFFFFF3E
:1002D000FFFFFFFFFFFFFFFFFFFFFFFFFFFFFFFF2E
:1002E000FFFFFFFFFFFFFFFFFFFFFFFFFFFFFFFF1E
:1002F000FFFFFFFFFFFFFFFFFFFFFFFFFFFFFFFF0E
:10030000FFFFFFFFFFFFFFFFFFFFFFFFFFFFFFFFFD
:10031000FFFFFFFFFFFFFFFFFFFFFFFFFFFFFFFFED
:10032000FFFFFFFFFFFFFFFFFFFFFFFFFFFFFFFFDD
:10033000FFFFFFFFFFFFFFFFFFFFFFFFFFFFFFFFCD
:10034000FFFFFFFFFFFFFFFFFFFFFFFFFFFFFFFFBD
:10035000FFFFFFFFFFFFFFFFFFFFFFFFFFFFFFFFAD
:10036000FFFFFFFFFFFFFFFFFFFFFFFFFFFFFFFF9D
:10037000FFFFFFFFFFFFFFFFFFFFFFFFFFFFFFFF8D
:10038000FFFFFFFFFFFFFFFFFFFFFFFFFFFFFFFF7D
:10039000FFFFFFFFFFFFFFFFFFFFFFFFFFFFFFFF6D
:1003A000FFFFFFFFFFFFFFFFFFFFFFFFFFFFFFFF5D
:1003B000FFFFFFFFFFFFFFFFFFFFFFFFFFFFFFFF4D
:1003C000FFFFFFFFFFFFFFFFFFFFFFFFFFFFFFFF3D
:1003D000FFFFFFFFFFFFFFFFFFFFFFFFFFFFFFFF2D
:1003E000FFFFFFFFFFFFFFFFFFFFFFFFFFFFFFFF1D
:1003F000FFFFFFFFFFFFFFFFFFFFFFFFFFFFFFFF0D
:10040000FFFFFFFFFFFFFFFFFFFFFFFFFFFFFFFFFC
:10041000FFFFFFFFFFFFFFFFFFFFFFFFFFFFFFFFEC
:10042000FFFFFFFFFFFFFFFFFFFFFFFFFFFFFFFFDC
:10043000FFFFFFFFFFFFFFFFFFFFFFFFFFFFFFFFCC
:10044000FFFFFFFFFFFFFFFFFFFFFFFFFFFFFFFFBC
:10045000FFFFFFFFFFFFFFFFFFFFFFFFFFFFFFFFAC
:10046000FFFFFFFFFFFFFFFFFFFFFFFFFFFFFFFF9C
:10047000FFFFFFFFFFFFFFFFFFFFFFFFFFFFFFFF8C
:10048000FFFFFFFFFFFFFFFFFFFFFFFFFFFFFFFF7C
:10049000FFFFFFFFFFFFFFFFFFFFFFFFFFFFFFFF6C
:1004A000FFFFFFFFFFFFFFFFFFFFFFFFFFFFFFFF5C
:1004B000FFFFFFFFFFFFFFFFFFFFFFFFFFFFFFFF4C
:1004C000FFFFFFFFFFFFFFFFFFFFFFFFFFFFFFFF3C
:1004D000FFFFFFFFFFFFFFFFFFFFFFFFFFFFFFFF2C
:1004E000FFFFFFFFFFFFFFFFFFFFFFFFFFFFFFFF1C
:1004F000FFFFFFFFFFFFFFFFFFFFFFFFFFFFFFFF0C
:10050000FFFFFFFFFFFFFFFFFFFFFFFFFFFFFFFFFB
:10051000FFFFFFFFFFFFFFFFFFFFFFFFFFFFFFFFEB
:10052000FFFFFFFFFFFFFFFFFFFFFFFFFFFFFFFFDB
:10053000FFFFFFFFFFFFFFFFFFFFFFFFFFFFFFFFCB
:10054000FFFFFFFFFFFFFFFFFFFFFFFFFFFFFFFFBB
:10055000FFFFFFFFFFFFFFFFFFFFFFFFFFFFFFFFAB
:10056000FFFFFFFFFFFFFFFFFFFFFFFFFFFFFFFF9B
:10057000FFFFFFFFFFFFFFFFFFFFFFFFFFFFFFFF8B
:10058000FFFFFFFFFFFFFFFFFFFFFFFFFFFFFFFF7B
:10059000FFFFFFFFFFFFFFFFFFFFFFFFFFFFFFFF6B
:1005A000FFFFFFFFFFFFFFFFFFFFFFFFFFFFFFFF5B
:1005B000FFFFFFFFFFFFFFFFFFFFFFFFFFFFFFFF4B
:1005C000FFFFFFFFFFFFFFFFFFFFFFFFFFFFFFFF3B
:1005D000FFFFFFFFFFFFFFFFFFFFFFFFFFFFFFFF2B
:1005E000FFFFFFFFFFFFFFFFFFFFFFFFFFFFFFFF1B
:1005F000FFFFFFFFFFFFFFFFFFFFFFFFFFFFFFFF0B
:10060000FFFFFFFFFFFFFFFFFFFFFFFFFFFFFFFFFA
:10061000FFFFFFFFFFFFFFFFFFFFFFFFFFFFFFFFEA
:10062000FFFFFFFFFFFFFFFFFFFFFFFFFFFFFFFFDA
:10063000FFFFFFFFFFFFFFFFFFFFFFFFFFFFFFFFCA
:10064000FFFFFFFFFFFFFFFFFFFFFFFFFFFFFFFFBA
:10065000FFFFFFFFFFFFFFFFFFFFFFFFFFFFFFFFAA
:10066000FFFFFFFFFFFFFFFFFFFFFFFFFFFFFFFF9A
:10067000FFFFFFFFFFFFFFFFFFFFFFFFFFFFFFFF8A
:10068000FFFFFFFFFFFFFFFFFFFFFFFFFFFFFFFF7A
:10069000FFFFFFFFFFFFFFFFFFFFFFFFFFFFFFFF6A
:1006A000FFFFFFFFFFFFFFFFFFFFFFFFFFFFFFFF5A
:1006B000FFFFFFFFFFFFFFFFFFFFFFFFFFFFFFFF4A
:1006C000FFFFFFFFFFFFFFFFFFFFFFFFFFFFFFFF3A
:1006D000FFFFFFFFFFFFFFFFFFFFFFFFFFFFFFFF2A
:1006E000FFFFFFFFFFFFFFFFFFFFFFFFFFFFFFFF1A
:1006F000FFFFFFFFFFFFFFFFFFFFFFFFFFFFFFFF0A
:10070000FFFFFFFFFFFFFFFFFFFFFFFFFFFFFFFFF9
:10071000FFFFFFFFFFFFFFFFFFFFFFFFFFFFFFFFE9
:10072000FFFFFFFFFFFFFFFFFFFFFFFFFFFFFFFFD9
:10073000FFFFFFFFFFFFFFFFFFFFFFFFFFFFFFFFC9
:10074000FFFFFFFFFFFFFFFFFFFFFFFFFFFFFFFFB9
:10075000FFFFFFFFFFFFFFFFFFFFFFFFFFFFFFFFA9
:10076000FFFFFFFFFFFFFFFFFFFFFFFFFFFFFFFF99
:10077000FFFFFFFFFFFFFFFFFFFFFFFFFFFFFFFF89
:10078000FFFFFFFFFFFFFFFFFFFFFFFFFFFFFFFF79
:10079000FFFFFFFFFFFFFFFFFFFFFFFFFFFFFFFF69
:1007A000FFFFFFFFFFFFFFFFFFFFFFFFFFFFFFFF59
:1007B000FFFFFFFFFFFFFFFFFFFFFFFFFFFFFFFF49
:1007C000FFFFFFFFFFFFFFFFFFFFFFFFFFFFFFFF39
:1007D000FFFFFFFFFFFFFFFFFFFFFFFFFFFFFFFF29
:1007E000FFFFFFFFFFFFFFFFFFFFFFFFFFFFFFFF19
:1007F000FFFFFFFFFFFFFFFFFFFFFFFFFFFFFFFF09
:10080000FFFFFFFFFFFFFFFFFFFFFFFFFFFFFFFFF8
:10081000FFFFFFFFFFFFFFFFFFFFFFFFFFFFFFFFE8
:10082000FFFFFFFFFFFFFFFFFFFFFFFFFFFFFFFFD8
:10083000FFFFFFFFFFFFFFFFFFFFFFFFFFFFFFFFC8
:10084000FFFFFFFFFFFFFFFFFFFFFFFFFFFFFFFFB8
:10085000FFFFFFFFFFFFFFFFFFFFFFFFFFFFFFFFA8
:10086000FFFFFFFFFFFFFFFFFFFFFFFFFFFFFFFF98
:10087000FFFFFFFFFFFFFFFFFFFFFFFFFFFFFFFF88
:10088000FFFFFFFFFFFFFFFFFFFFFFFFFFFFFFFF78
:10089000FFFFFFFFFFFFFFFFFFFFFFFFFFFFFFFF68
:1008A000FFFFFFFFFFFFFFFFFFFFFFFFFFFFFFFF58
:1008B000FFFFFFFFFFFFFFFFFFFFFFFFFFFFFFFF48
:1008C000FFFFFFFFFFFFFFFFFFFFFFFFFFFFFFFF38
:1008D000FFFFFFFFFFFFFFFFFFFFFFFFFFFFFFFF28
:1008E000FFFFFFFFFFFFFFFFFFFFFFFFFFFFFFFF18
:1008F000FFFFFFFFFFFFFFFFFFFFFFFFFFFFFFFF08
:10090000FFFFFFFFFFFFFFFFFFFFFFFFFFFFFFFFF7
:10091000FFFFFFFFFFFFFFFFFFFFFFFFFFFFFFFFE7
:10092000FFFFFFFFFFFFFFFFFFFFFFFFFFFFFFFFD7
:10093000FFFFFFFFFFFFFFFFFFFFFFFFFFFFFFFFC7
:10094000FFFFFFFFFFFFFFFFFFFFFFFFFFFFFFFFB7
:10095000FFFFFFFFFFFFFFFFFFFFFFFFFFFFFFFFA7
:10096000FFFFFFFFFFFFFFFFFFFFFFFFFFFFFFFF97
:10097000FFFFFFFFFFFFFFFFFFFFFFFFFFFFFFFF87
:10098000FFFFFFFFFFFFFFFFFFFFFFFFFFFFFFFF77
:10099000FFFFFFFFFFFFFFFFFFFFFFFFFFFFFFFF67
:1009A000FFFFFFFFFFFFFFFFFFFFFFFFFFFFFFFF57
:1009B000FFFFFFFFFFFFFFFFFFFFFFFFFFFFFFFF47
:1009C000FFFFFFFFFFFFFFFFFFFFFFFFFFFFFFFF37
:1009D000FFFFFFFFFFFFFFFFFFFFFFFFFFFFFFFF27
:1009E000FFFFFFFFFFFFFFFFFFFFFFFFFFFFFFFF17
:1009F000FFFFFFFFFFFFFFFFFFFFFFFFFFFFFFFF07
:100A0000FFFFFFFFFFFFFFFFFFFFFFFFFFFFFFFFF6
:100A1000FFFFFFFFFFFFFFFFFFFFFFFFFFFFFFFFE6
:100A2000FFFFFFFFFFFFFFFFFFFFFFFFFFFFFFFFD6
:100A3000FFFFFFFFFFFFFFFFFFFFFFFFFFFFFFFFC6
:100A4000FFFFFFFFFFFFFFFFFFFFFFFFFFFFFFFFB6
:100A5000FFFFFFFFFFFFFFFFFFFFFFFFFFFFFFFFA6
:100A6000FFFFFFFFFFFFFFFFFFFFFFFFFFFFFFFF96
:100A7000FFFFFFFFFFFFFFFFFFFFFFFFFFFFFFFF86
:100A8000FFFFFFFFFFFFFFFFFFFFFFFFFFFFFFFF76
:100A9000FFFFFFFFFFFFFFFFFFFFFFFFFFFFFFFF66
:100AA000FFFFFFFFFFFFFFFFFFFFFFFFFFFFFFFF56
:100AB000FFFFFFFFFFFFFFFFFFFFFFFFFFFFFFFF46
:100AC000FFFFFFFFFFFFFFFFFFFFFFFFFFFFFFFF36
:100AD000FFFFFFFFFFFFFFFFFFFFFFFFFFFFFFFF26
:100AE000FFFFFFFFFFFFFFFFFFFFFFFFFFFFFFFF16
:100AF000FFFFFFFFFFFFFFFFFFFFFFFFFFFFFFFF06
:100B0000FFFFFFFFFFFFFFFFFFFFFFFFFFFFFFFFF5
:100B1000FFFFFFFFFFFFFFFFFFFFFFFFFFFFFFFFE5
:100B2000FFFFFFFFFFFFFFFFFFFFFFFFFFFFFFFFD5
:100B3000FFFFFFFFFFFFFFFFFFFFFFFFFFFFFFFFC5
:100B4000FFFFFFFFFFFFFFFFFFFFFFFFFFFFFFFFB5
:100B5000FFFFFFFFFFFFFFFFFFFFFFFFFFFFFFFFA5
:100B6000FFFFFFFFFFFFFFFFFFFFFFFFFFFFFFFF95
:100B7000FFFFFFFFFFFFFFFFFFFFFFFFFFFFFFFF85
:100B8000FFFFFFFFFFFFFFFFFFFFFFFFFFFFFFFF75
:100B9000FFFFFFFFFFFFFFFFFFFFFFFFFFFFFFFF65
:100BA000FFFFFFFFFFFFFFFFFFFFFFFFFFFFFFFF55
:100BB000FFFFFFFFFFFFFFFFFFFFFFFFFFFFFFFF45
:100BC000FFFFFFFFFFFFFFFFFFFFFFFFFFFFFFFF35
:100BD000FFFFFFFFFFFFFFFFFFFFFFFFFFFFFFFF25
:100BE000FFFFFFFFFFFFFFFFFFFFFFFFFFFFFFFF15
:100BF000FFFFFFFFFFFFFFFFFFFFFFFFFFFFFFFF05
:100C0000FFFFFFFFFFFFFFFFFFFFFFFFFFFFFFFFF4
:100C1000FFFFFFFFFFFFFFFFFFFFFFFFFFFFFFFFE4
:100C2000FFFFFFFFFFFFFFFFFFFFFFFFFFFFFFFFD4
:100C3000FFFFFFFFFFFFFFFFFFFFFFFFFFFFFFFFC4
:100C4000FFFFFFFFFFFFFFFFFFFFFFFFFFFFFFFFB4
:100C5000FFFFFFFFFFFFFFFFFFFFFFFFFFFFFFFFA4
:100C6000FFFFFFFFFFFFFFFFFFFFFFFFFFFFFFFF94
:100C7000FFFFFFFFFFFFFFFFFFFFFFFFFFFFFFFF84
:100C8000FFFFFFFFFFFFFFFFFFFFFFFFFFFFFFFF74
:100C9000FFFFFFFFFFFFFFFFFFFFFFFFFFFFFFFF64
:100CA000FFFFFFFFFFFFFFFFFFFFFFFFFFFFFFFF54
:100CB000FFFFFFFFFFFFFFFFFFFFFFFFFFFFFFFF44
:100CC000FFFFFFFFFFFFFFFFFFFFFFFFFFFFFFFF34
:100CD000FFFFFFFFFFFFFFFFFFFFFFFFFFFFFFFF24
:100CE000FFFFFFFFFFFFFFFFFFFFFFFFFFFFFFFF14
:100CF000FFFFFFFFFFFFFFFFFFFFFFFFFFFFFFFF04
:100D0000FFFFFFFFFFFFFFFFFFFFFFFFFFFFFFFFF3
:100D1000FFFFFFFFFFFFFFFFFFFFFFFFFFFFFFFFE3
:100D2000FFFFFFFFFFFFFFFFFFFFFFFFFFFFFFFFD3
:100D3000FFFFFFFFFFFFFFFFFFFFFFFFFFFFFFFFC3
:100D4000FFFFFFFFFFFFFFFFFFFFFFFFFFFFFFFFB3
:100D5000FFFFFFFFFFFFFFFFFFFFFFFFFFFFFFFFA3
:100D6000FFFFFFFFFFFFFFFFFFFFFFFFFFFFFFFF93
:100D7000FFFFFFFFFFFFFFFFFFFFFFFFFFFFFFFF83
:100D8000FFFFFFFFFFFFFFFFFFFFFFFFFFFFFFFF73
:100D9000FFFFFFFFFFFFFFFFFFFFFFFFFFFFFFFF63
:100DA000FFFFFFFFFFFFFFFFFFFFFFFFFFFFFFFF53
:100DB000FFFFFFFFFFFFFFFFFFFFFFFFFFFFFFFF43
:100DC000FFFFFFFFFFFFFFFFFFFFFFFFFFFFFFFF33
:100DD000FFFFFFFFFFFFFFFFFFFFFFFFFFFFFFFF23
:100DE000FFFFFFFFFFFFFFFFFFFFFFFFFFFFFFFF13
:100DF000FFFFFFFFFFFFFFFFFFFFFFFFFFFFFFFF03
:100E0000FFFFFFFFFFFFFFFFFFFFFFFFFFFFFFFFF2
:100E1000FFFFFFFFFFFFFFFFFFFFFFFFFFFFFFFFE2
:100E2000FFFFFFFFFFFFFFFFFFFFFFFFFFFFFFFFD2
:100E3000FFFFFFFFFFFFFFFFFFFFFFFFFFFFFFFFC2
:100E4000FFFFFFFFFFFFFFFFFFFFFFFFFFFFFFFFB2
:100E5000FFFFFFFFFFFFFFFFFFFFFFFFFFFFFFFFA2
:100E6000FFFFFFFFFFFFFFFFFFFFFFFFFFFFFFFF92
:100E7000FFFFFFFFFFFFFFFFFFFFFFFFFFFFFFFF82
:100E8000FFFFFFFFFFFFFFFFFFFFFFFFFFFFFFFF72
:100E9000FFFFFFFFFFFFFFFFFFFFFFFFFFFFFFFF62
:100EA000FFFFFFFFFFFFFFFFFFFFFFFFFFFFFFFF52
:100EB000FFFFFFFFFFFFFFFFFFFFFFFFFFFFFFFF42
:100EC000FFFFFFFFFFFFFFFFFFFFFFFFFFFFFFFF32
:100ED000FFFFFFFFFFFFFFFFFFFFFFFFFFFFFFFF22
:100EE000FFFFFFFFFFFFFFFFFFFFFFFFFFFFFFFF12
:100EF000FFFFFFFFFFFFFFFFFFFFFFFFFFFFFFFF02
:100F0000FFFFFFFFFFFFFFFFFFFFFFFFFFFFFFFFF1
:100F1000FFFFFFFFFFFFFFFFFFFFFFFFFFFFFFFFE1
:100F2000FFFFFFFFFFFFFFFFFFFFFFFFFFFFFFFFD1
:100F3000FFFFFFFFFFFFFFFFFFFFFFFFFFFFFFFFC1
:100F4000FFFFFFFFFFFFFFFFFFFFFFFFFFFFFFFFB1
:100F5000FFFFFFFFFFFFFFFFFFFFFFFFFFFFFFFFA1
:100F6000FFFFFFFFFFFFFFFFFFFFFFFFFFFFFFFF91
:100F7000FFFFFFFFFFFFFFFFFFFFFFFFFFFFFFFF81
:100F8000FFFFFFFFFFFFFFFFFFFFFFFFFFFFFFFF71
:100F9000FFFFFFFFFFFFFFFFFFFFFFFFFFFFFFFF61
:100FA000FFFFFFFFFFFFFFFFFFFFFFFFFFFFFFFF51
:100FB000FFFFFFFFFFFFFFFFFFFFFFFFFFFFFFFF41
:100FC000FFFFFFFFFFFFFFFFFFFFFFFFFFFFFFFF31
:100FD000FFFFFFFFFFFFFFFFFFFFFFFFFFFFFFFF21
:100FE000FFFFFFFFFFFFFFFFFFFFFFFFFFFFFFFF11
:100FF000FFFFFFFFFFFFFFFFFFFFFFFFFFFFFFFF01
:10100000D10020434D1600600000000000000000E9
:10101000201000600010006000100160000000005F
:1010200000000060001C010000000000FFFFFFFF47
:10103000FFFFFFFFFFFFFFFFFFFFFFFFFFFFFFFFC0
:10104000FFFFFFFFFFFFFFFFFFFFFFFFFFFFFFFFB0
:10105000FFFFFFFFFFFFFFFFFFFFFFFFFFFFFFFFA0
:10106000FFFFFFFFFFFFFFFFFFFFFFFFFFFFFFFF90
:10107000FFFFFFFFFFFFFFFFFFFFFFFFFFFFFFFF80
:10108000FFFFFFFFFFFFFFFFFFFFFFFFFFFFFFFF70
:10109000FFFFFFFFFFFFFFFFFFFFFFFFFFFFFFFF60
:1010A000FFFFFFFFFFFFFFFFFFFFFFFFFFFFFFFF50
:1010B000FFFFFFFFFFFFFFFFFFFFFFFFFFFFFFFF40
:1010C000FFFFFFFFFFFFFFFFFFFFFFFFFFFFFFFF30
:1010D000FFFFFFFFFFFFFFFFFFFFFFFFFFFFFFFF20
:1010E000FFFFFFFFFFFFFFFFFFFFFFFFFFFFFFFF10
:1010F000FFFFFFFFFFFFFFFFFFFFFFFFFFFFFFFF00
:10110000FFFFFFFFFFFFFFFFFFFFFFFFFFFFFFFFEF
:10111000FFFFFFFFFFFFFFFFFFFFFFFFFFFFFFFFDF
:10112000FFFFFFFFFFFFFFFFFFFFFFFFFFFFFFFFCF
:10113000FFFFFFFFFFFFFFFFFFFFFFFFFFFFFFFFBF
:10114000FFFFFFFFFFFFFFFFFFFFFFFFFFFFFFFFAF
:10115000FFFFFFFFFFFFFFFFFFFFFFFFFFFFFFFF9F
:10116000FFFFFFFFFFFFFFFFFFFFFFFFFFFFFFFF8F
:10117000FFFFFFFFFFFFFFFFFFFFFFFFFFFFFFFF7F
:10118000FFFFFFFFFFFFFFFFFFFFFFFFFFFFFFFF6F
:10119000FFFFFFFFFFFFFFFFFFFFFFFFFFFFFFFF5F
:1011A000FFFFFFFFFFFFFFFFFFFFFFFFFFFFFFFF4F
:1011B000FFFFFFFFFFFFFFFFFFFFFFFFFFFFFFFF3F
:1011C000FFFFFFFFFFFFFFFFFFFFFFFFFFFFFFFF2F
:1011D000FFFFFFFFFFFFFFFFFFFFFFFFFFFFFFFF1F
:1011E000FFFFFFFFFFFFFFFFFFFFFFFFFFFFFFFF0F
:1011F000FFFFFFFFFFFFFFFFFFFFFFFFFFFFFFFFFF
:10120000FFFFFFFFFFFFFFFFFFFFFFFFFFFFFFFFEE
:10121000FFFFFFFFFFFFFFFFFFFFFFFFFFFFFFFFDE
:10122000FFFFFFFFFFFFFFFFFFFFFFFFFFFFFFFFCE
:10123000FFFFFFFFFFFFFFFFFFFFFFFFFFFFFFFFBE
:10124000FFFFFFFFFFFFFFFFFFFFFFFFFFFFFFFFAE
:10125000FFFFFFFFFFFFFFFFFFFFFFFFFFFFFFFF9E
:10126000FFFFFFFFFFFFFFFFFFFFFFFFFFFFFFFF8E
:10127000FFFFFFFFFFFFFFFFFFFFFFFFFFFFFFFF7E
:10128000FFFFFFFFFFFFFFFFFFFFFFFFFFFFFFFF6E
:10129000FFFFFFFFFFFFFFFFFFFFFFFFFFFFFFFF5E
:1012A000FFFFFFFFFFFFFFFFFFFFFFFFFFFFFFFF4E
:1012B000FFFFFFFFFFFFFFFFFFFFFFFFFFFFFFFF3E
:1012C000FFFFFFFFFFFFFFFFFFFFFFFFFFFFFFFF2E
:1012D000FFFFFFFFFFFFFFFFFFFFFFFFFFFFFFFF1E
:1012E000FFFFFFFFFFFFFFFFFFFFFFFFFFFFFFFF0E
:1012F000FFFFFFFFFFFFFFFFFFFFFFFFFFFFFFFFFE
:10130000FFFFFFFFFFFFFFFFFFFFFFFFFFFFFFFFED
:10131000FFFFFFFFFFFFFFFFFFFFFFFFFFFFFFFFDD
:10132000FFFFFFFFFFFFFFFFFFFFFFFFFFFFFFFFCD
:10133000FFFFFFFFFFFFFFFFFFFFFFFFFFFFFFFFBD
:10134000FFFFFFFFFFFFFFFFFFFFFFFFFFFFFFFFAD
:10135000FFFFFFFFFFFFFFFFFFFFFFFFFFFFFFFF9D
:10136000FFFFFFFFFFFFFFFFFFFFFFFFFFFFFFFF8D
:10137000FFFFFFFFFFFFFFFFFFFFFFFFFFFFFFFF7D
:10138000FFFFFFFFFFFFFFFFFFFFFFFFFFFFFFFF6D
:10139000FFFFFFFFFFFFFFFFFFFFFFFFFFFFFFFF5D
:1013A000FFFFFFFFFFFFFFFFFFFFFFFFFFFFFFFF4D
:1013B000FFFFFFFFFFFFFFFFFFFFFFFFFFFFFFFF3D
:1013C000FFFFFFFFFFFFFFFFFFFFFFFFFFFFFFFF2D
:1013D000FFFFFFFFFFFFFFFFFFFFFFFFFFFFFFFF1D
:1013E000FFFFFFFFFFFFFFFFFFFFFFFFFFFFFFFF0D
:1013F000FFFFFFFFFFFFFFFFFFFFFFFFFFFFFFFFFD
:10140000814205D051F8043B40F8043B8242F9D8B0
:10141000704700BF044A05494FF0000342F8043BFF
:101420009142FBD8704700BFC01A0020202900203D
:101430002DE98848BFF34F8F00BF00BF00BF00BF3A
:1014400000F018F9684B0822C3F8542100BF00BF10
:1014500000BF00BF00BF00BF00BF00BF00BF00BF94
:1014600000BF00BF00BF00BF00BF00BF5F4A6049B0
:101470006048FFF7C5FF604A60496148FFF7C0FF59
:10148000604CFFF7C7FF4FF470004FF0E0210023DE
:101490005D4AC1F8880D44F823200133B02BFAD1FE
:1014A0005A4B80215A4A03F8011B9342FBD14FF05B
:1014B000E0254D4E4FF08039DFF884B1DFF884A18C
:1014C0004FF0FF31C5F8084D0027C6F80491C6F863
:1014D00000B1C6F8F490C6F8F0A0D5F8243DDFF8C6
:1014E000688143F4E0234B4AC5F8243DD8F81C300A
:1014F00023F07F0343F04003C8F81C30D8F82430B1
:1015000023F07F0343F04003C8F824309166D1668E
:101510001167516700F0B6F83F4B4049A363404B59
:10152000E36363236B610323AF612B613D4BC5F81C
:10153000203DD5F8FC3D43F08073C5F8FC3D3A4BA7
:101540001A6842F001021A605B680B6000F0E4FA6E
:10155000C6F804913548C6F800B1C6F8F490C6F84C
:10156000F0A000F071FCD8F86C10314B314A41F416
:101570004051C8F86C101F60C3F80871C3F81871A7
:10158000C3F82871C3F83871936BDB0708D442F6AF
:101590001563294951651365936B43F00103936308
:1015A000244A264C936843F00113936000F0F2F84C
:1015B00000F016FC00F060FC00F0DCFA00F05CF8D3
:1015C0002368132BFCD900F06DFB2368B3F5967FDD
:1015D000FBD300F055F800F051F800F045FC00F0A6
:1015E0002FFC30BFFDE700BF00800D4068D3000036
:1015F0009C1F006000000000C01A002008F300607B
:101600000000002000180020C9A8000000E400E04D
:10161000A0E400E000C00A40C59D0000BC280020F6
:10162000C99D000000002020001000E00046C323F8
:101630000040084000400D400000C056C028002077
:101640001B1018200C0D111300C00F40054B4FF458
:101650002A01054A05485A641864054A9963954663
:10166000FFF7E6FE00C00A40AFAAAAAA07002000C2
:1016700000000720704700BF704700BF704700BFE1
:1016800000BF704710B44FF0E02300211024314810
:10169000C3F8941DC3F89C4D1124C3F8A00D2E4827
:1016A000C3F89C4D1224C3F8A00D2C48C3F89C4DE0
:1016B0002B4AC3F8A00D2B4C42F015022A48C3F860
:1016C0009C4DC3F8A00D294C2948C3F89C4DC3F884
:1016D000A00D284CC3F89C2D2748284AC3F8A04DDC
:1016E000C3F89C0DC3F8A02D02F5A022244C0C32A7
:1016F0002448C3F89C4DC3F8A02D234AC3F89C0D81
:10170000224CC3F8A02D02F14062C3F89C4D204842
:10171000C3F8A02D0C32C3F89C0DC3F8A02D00BF58
:1017200000BF00BF00BF00BF0122C3F8942DBFF36C
:101730004F8FBFF36F8FC3F8501FBFF34F8FBFF3AF
:101740006F8FD3F8142D5DF8044B42F44032C3F888
:10175000142D70473F0000102500080709001000F5
:10176000202900201300200021000207140000207F
:1017700025000813090000101600202027000B1375
:1017800017000040180000602F000B0719000070C0
:101790001A000080F0B5B84B1822B84E0120B84F9F
:1017A00083B0C3F85C62B749C3F86072B64DC3F842
:1017B0006462A6F53046B54CC3F86862C3F86C5253
:1017C000C3F87052C3F87452C3F8785248F20C75DB
:1017D000DA661A675A679A67DA67C3F88020C3F82F
:1017E0008420C3F88820C1F82C03A94AC1F830032B
:1017F000C1F83403C1F83803C1F83C03C1F8500301
:10180000A169A44B0A40A448A4491343A44AA36174
:10181000D4F8843043F00C03C4F884304FF0FF3424
:10182000036843F00203036003682B404FF4005544
:101830001A439C4B026044608A689B4C13409B4A4D
:1018400043F000538360C36823F07803C360036AE6
:10185000134023430362036A1340954A2343954C84
:1018600043628262C2620022D1F8B83023F03F03A3
:1018700043F00103C0F8B830D1F8BC308E4923F0F2
:101880003F0343F00103C0F8BC3040F2056302613E
:1018900005660467C0F88030456644670224C0F8D6
:1018A0008430036823F0020303608161834B844921
:1018B000C46143F8042B8B42FBD1774A136843F091
:1018C00001031360136813F00103FBD17A4802216E
:1018D00040F2F564906140F29940D16140F2664176
:1018E000C2F8004242F20144C2F810127549C2F82F
:1018F0002002C2F8301240F235417348C2F8344237
:10190000C2F84012714CC2F8500242F201207049F4
:10191000C2F854120121C2F86042C2F864025E4863
:10192000C2F8A030C2F8A430C2F8B0104369DA0798
:10193000FCD5012300244FF4803257494361C0F89D
:10194000A040C0F8A420C0F8B0304B69DB07FCD53C
:10195000012300244FF400304F4A4B61C1F8A040EE
:10196000C1F8A400C1F8B0305369DF07FCD50123EA
:101970000024584848495361C2F8A040C2F8A40066
:10198000C2F8B0304B69DE07FCD5D1F8003145F61E
:101990000D5221209BB24861934265D100244FF43F
:1019A000802201233C48C1F8A040C1F8A420C1F81E
:1019B000B0304369DD07FCD501234FF4000400215A
:1019C000354A4361C0F8A040C0F8A410C0F8B03058
:1019D0005369DC07FCD501234FF400044FF4803039
:1019E0002D495361C2F8A040C2F8A400C2F8B0303B
:1019F0004B69D807FCD501234FF400044FF40030A5
:101A0000254A4B61C1F8A040C1F8A400C1F8B0302C
:101A10005369D907FCD501234FF400042D481E4912
:101A20005361C2F8A040C2F8A400C2F8B0304B69BC
:101A3000DA07FCD5D1F8003145F60D5221209BB2D2
:101A40004861934250D008254FF4000422490020F9
:101A5000224B234A009015705A1A01232148224430
:101A600000F0FAF903B0F0BD1E4B0022C3E90022DA
:101A7000C3E9022203B0F0BD00801F40F9B00100AD
:101A8000F910010000841F40F970010000C00F40F0
:101A9000FFFCFF1F000300A000402A4000802A40F6
:101AA0001200FFFFFF37F7004000008000FFF07CCE
:101AB000FF000F8363000200F05AF05A00422A40F0
:101AC00000432A409F041830EB06180A3806180A0B
:101AD00006320126040003000000007000000070C0
:101AE000EC2800203C2700204FF400044FF4802213
:101AF00001230848C1F8A040C1F8A420C1F8B030C3
:101B00004369DB07FCD5012310254FF08074436146
:101B10009CE700BF00402A40F0B4154A40274FF42C
:101B200080314FF480564FF400554FF4404443F257
:101B30004200136913F0020F0ED113F4005F0FD0AF
:101B400013F4805F0ED0002BF3DA13F4803F0BD137
:101B50005B060BD5F0BC7047946151619061E8E77A
:101B60005561E6E75661E4E79161E2E75761E0E736
:101B700000800D403F4A03203F49F3EE095AD2F856
:101B800080304FF0000C9FED3D6A23F001039FED84
:101B90003C5A30B4C2F88030C2F89000D1F8E0105E
:101BA000384DCBB2384C39482B6007EE903A0B0DCC
:101BB000C1F30B21F8EEE77A06EE903A07EE101A21
:101BC000334BB8EEC77A2160F8EEE66A314937EE5A
:101BD000C66A37EEC55A76EEC76A77EEE57A26EE24
:101BE000266AC3ED006A25EE265AD2F8803067EEE9
:101BF000A64AC0ED007AC6EE275A274885EE276A26
:101C0000C4EEA76A75EE875AFCEEE55A36EE076A0F
:101C100015EE904ABCEEC66A43EA045376EE877A24
:101C2000C2F8803016EE103AD2F89041FCEEE77A16
:101C300001EA0341214317EE903AC2F89011C3F331
:101C40000B03D2F890110B431449C2F89031D2F82B
:101C5000803043F00203C2F88030114B80F840C05E
:101C6000C1F840314FF0E023012230BCC3F8082115
:101C7000704700BF00810D4000441F400000AA4291
:101C80000000B442EC270020E8270020F0270020C5
:101C9000F42700200000FF0F00E400E000180020FF
:101CA0008DAA0000314B40F6617210B5C3F82021B7
:101CB00040F2044400F0D4F82D4A2E49D2F8803086
:101CC0002D4843F00303C2F880302C4BC1F860412B
:101CD00002681A4203D1D1F8A8319A071BD0254ACD
:101CE0004FF00041244B5963D2F8403143F00203D6
:101CF000C2F84031D2F840319B07FBD44FF400309A
:101D00004FF0E0211C4B4FF00042C1F88C0219202B
:101D10009A6300F09DF8184A4FF08040154C00215E
:101D200090630A20164B11604FF42072C4F8A8018A
:101D3000184600F09DF84FF4800203464FF48100EE
:101D400040F243111860C4F858311A640D4B0E4A22
:101D5000C4F84811C3F804224FF0E0224FF40031D8
:101D60000123C2F80C11C4F8403110BD00800D40B1
:101D700000C00F4000002E4000900D40001C1E00CF
:101D8000000000200018002075AC000008B50E4BC4
:101D90001B6E9B0700D4FBBE72B60C4B00200C4A96
:101DA000C3F8400103F160430A49A3F55F231164BE
:101DB0009D46BFF34F8F4FF400130748074ADB6976
:101DC00002609B68984700BF00441F4000002E40FF
:101DD00000C00A400300200000802020000012EB19
:101DE000104BA020104AD96E41F4403110B4D9668E
:101DF00040F23764D96E41F44071D96654649064FE
:101E0000936C1B06FCD4094A40F23761A02351644D
:101E10009364936C13F08003FBD1054A13705DF853
:101E2000044B704700C00F4000400C4000800C4045
:101E3000EB280020F8B500BFF8BC08BC9E467047F0
:101E40005FF800F005A400005FF800F071C3000027
:101E50005FF800F021A200005FF800F0ADC60000BE
:101E60005FF800F0E5B300005FF800F095CE0000E9
:101E70005FF800F035CD00005FF800F0B1A700007A
:101E800089000000ED190000B1230000E59C00006E
:041E900029A0000085
:101E940016035500530042002000530065007200F1
:101EA400690061006C0000001803540065006500BF
:101EB4006E00730079006400750069006E006F00A5
:101EC4000403090409026200030100C032080B0084
:101ED40002020201000904000001020201000524BB
:101EE4000010010524010101042402060524060052
:101EF400010705820310001009040100020A000012
:101F040000070503024000000705840240000009A1
:101F140004020002FF6AFF00070581024000010776
:101F2400050102400001000009026200030100C033
:101F340032080B000202020100090400000102023F
:101F440001000524001001052401010104240206F6
:101F54000524060001070582031000050904010099
:101F6400020A0000000705030200020007058402BC
:101F74000002000904020002FF6AC700070581028B
:101F84000002010705010200020100000A06000226
:081F9400EF0201400100000012
:101F9C000000000000000000000000000000000035
:101FAC000000000000000000000000000000000025
:101FBC000348044B834202D0034B03B118477047CC
:101FCC00C01A0020C01A0020000000000548064B73
:101FDC001B1AD90F01EBA301491002D0034B03B11B
:101FEC0018477047C01A0020C01A002000000000DB
:101FFC0010B5064C237843B9FFF7DAFF044B13B145
:10200C000448AFF300800123237010BD001D002095
:10201C0000000000001C016008B5044B1BB1044912
:10202C000448AFF30080BDE80840CFE70000000093
:10203C00041D0020001C016000207047704700BF89
:10204C00036D0BB101207047406D003818BF0120A3
:10205C00704700BF10B50446806D18B10CF03EFB04
:10206C000023A365236D2BB104F11800BDE81040CB
:10207C0006F0EABD636D002BF6D110BD10B5044619
:10208C00806D00B110BD4FF480700CF01FFBA0658B
:10209C00B0B10022236D02703BB101464FF4807247
:1020AC00184606F021FAA06D10BD636D002BE9D027
:1020BC0001464FF48072184603F0C4FEA06D10BDAB
:1020CC00014B1846A36510BDEA28002038B5056DF4
:1020DC006DB10BB1002038BD1146284604F040FF0D
:1020EC000028F7D02846BDE8384005F0DBB8446D31
:1020FC00002CEFD0204602F0F7FA0028EAD0204658
:10210C00BDE8384003F06AB98A79A2F150031B0686
:10211C0022D402F26C72F0B54B7985B0046D0133A8
:10212C000D798E784F78DBB209784CB12046019648
:10213C000095CDE90271022105F048F805B0F0BD1B
:10214C00406D0028FAD001960095CDE9027102216C
:10215C0003F088F805B0F0BD0020704710B50446B8
:10216C00006D80B1037813F0700F00D110BD002109
:10217C0004F0F6FE606D0028F8D000220023BDE8C4
:10218C00104002F0B1BA606D0028EFD090F83130F9
:10219C0013F0500FEAD000220023BDE8104002F0EB
:1021AC00A3BA00BF036D10B50C4682B02BB30DF172
:1021BC00060201A9184604F079FA38B3BDF80430C8
:1021CC00BDF8062053EA020120D0C2F3451C02F0F0
:1021DC001F00D20AC3F34311400084F801C0A2705F
:1021EC005A0A013903F01F0302F5EA62207001203C
:1021FC0061712371A27102B010BD406D30B10DF14F
:10220C00060201A902F016F90028D7D1002002B06D
:10221C0010BD00BF036D10B50C4682B02BB30DF191
:10222C00060201A9184604F031FA38B3BDF804309F
:10223C00BDF8062053EA020120D0C2F3451C02F07F
:10224C001F00D20AC3F34311400084F801C0A270EE
:10225C005A0A013903F01F0302F5EA6220700120CB
:10226C0061712371A27102B010BD406D30B10DF1DE
:10227C00060201A902F0CCF80028D7D1002002B048
:10228C0010BD00BF006990B10368154A1B699342E9
:10229C0025D1036D63B1187810F0080007D0D86908
:1022AC005B69C01A48BF6FF0004070471846704712
:1022BC00436D002BFAD093F8310010F00800F6D0E3
:1022CC00186919685A69401A5B6862EB0303B0F12C
:1022DC00004F73F10003EAD36FF0004070471847CA
:1022EC0069060000036973B11A68084952698A4289
:1022FC0007D1186D08B104F0BFBC586D18B102F0CD
:10230C00DDB9184610474FF0FF307047E904000064
:10231C00036923B31968134A10B58C6882B09442D0
:10232C0014D1186D48B101220DF1070104F0D0FB56
:10233C0090B19DF8070002B010BD586D0028F8D080
:10234C0001220DF1070102F0E9F8F1E701220DF18C
:10235C0007011846A047EBE74FF0FF30EBE74FF0D3
:10236C00FF30704741050000036963B11A680749E3
:10237C0092698A4208D1186D08B104F021BF586DDA
:10238C0008B102F0F9BD70471846104791050000DE
:10239C00036D13B1586900217047436D13B1D3E934
:1023AC000001704718461946704700BF036D13B102
:1023BC00D86900217047436D13B1D3E9040170470C
:1023CC0018461946704700BFF0B595B000224FF47F
:1023DC007A74244F1831054604A88DF80C20009708
:1023EC00CDE90124CDE9122206F09AFC129B002BB8
:1023FC002DD05C2000260AF06FF8019B0446466045
:10240C00C36004A9029B183040F8083C9DF80C30BE
:10241C0000F8043C144B40F8183C144B40F8103CAA
:10242C0006F0D0FB124B4FF47A72A7602B606368F6
:10243C00A66501336E602E73AA602C6163600D4B30
:10244C0004A8009306F000FC284615B0F0BD139BC1
:10245C00002BCED1064A2B732A602B61C5E90134BF
:10246C00EDE700BFE4070020080800206408002006
:10247C00B8070020CC060020036D13B1184604F0F9
:10248C00FBBB406D08B102F019B94FF0FF3070473B
:10249C00836C13B1184604F0EFBBC06C08B102F0AA
:1024AC000DB94FF0FF307047036D33B11B7813F04B
:1024BC00700F14BF012000207047406D30B190F8B0
:1024CC00313013F0500F14BF01200020704700BFB3
:1024DC00036D13B1184604F0FBBA406D08B102F05D
:1024EC001DB84FF0FF307047836C00B583B063B1FB
:1024FC0001220DF10701184604F0EAFA01280CD16B
:10250C009DF8070003B05DF804FBC06C28B10122F4
:10251C000DF1070102F002F8F0E74FF0FF30F1E7A0
:10252C00036D13B1184604F04BBE406D08B102F0B8
:10253C0023BD7047836C13B1184604F041BEC06CC8
:10254C0008B102F019BD7047036D13B1184604F0C1
:10255C00E3BE406D08B102F0B3BF7047836C13B19A
:10256C00184604F0D9BEC06C08B102F0A9BF704780
:10257C0000B5836C83B08DF8071043B101220DF1C7
:10258C000701184604F0C8FE03B05DF804FBC06CEC
:10259C000028F9D001220DF1070102F091FF03B0E0
:1025AC005DF804FB8A79A2F150031B0622D402F2D7
:1025BC006C72F0B54B7985B0046D01330D798E7862
:1025CC004F78DBB209784CB1204601960095CDE9E5
:1025DC000271042104F0FAFD05B0F0BD406D002835
:1025EC00FAD001960095CDE90271042102F03AFE71
:1025FC0005B0F0BD00207047036D53B1187810F092
:10260C0008000DD0D8695B69C01A48BF6FF0004054
:10261C007047436DA3B193F8310010F0080000D15E
:10262C007047186919685A69401A5B6862EB0303B2
:10263C00B0F1004F73F10003F2D36FF0004070471C
:10264C001846EDE7836C53B1187810F008000DD0E4
:10265C00D8695B69C01A48BF6FF000407047C36C03
:10266C00A3B193F8310010F0080000D1704718693D
:10267C0019685A69401A5B6862EB0303B0F1004FAA
:10268C0073F10003F2D36FF0004070471846EDE78A
:10269C0000B5006983B08DF8071060B10368104A6B
:1026AC00DB68934215D1036D43B101220DF1070193
:1026BC00184604F031FE03B05DF804FB406D0028B1
:1026CC00F9D001220DF1070102F0FAFE03B05DF81A
:1026DC0004FB01220DF10701984703B05DF804FBE0
:1026EC00B90500000369D3B10E4810B41C68E46846
:1026FC0084420FD1186D18B15DF8044B04F00CBE78
:10270C00586D18B15DF8044B02F0DABE00205DF88C
:10271C00044B7047184623465DF8044B18470020BD
:10272C00704700BFB905000038B504460C4B806DEE
:10273C00236018B10BF0D2FF0023A365236D04F1C5
:10274C0018054BB1284606F07FFA064B2846A360C5
:10275C0006F07AFA204638BD636D002BF2D1F4E70F
:10276C0008080020CC06002038B504460E4B806DBE
:10277C00236018B10BF0B2FF0023A365236D04F1A5
:10278C0018056BB1284606F05FFA084B2846A36083
:10279C0006F05AFA20465C2109F0A0FE204638BD0E
:1027AC00636D002BEED1F0E708080020CC0600206A
:1027BC0030B4029C11469C4634B1012C1CD0022C26
:1027CC000ED0002030BC7047056DF5B14FF0FF33D3
:1027DC00934274EB0C04F4D3284630BC04F0C0BB19
:1027EC00026D0AB3D36959184CF10003002BE8D1E0
:1027FC00104630BC04F0B4BB026D62B15369591879
:10280C004CF10003002BDCD1F2E7406D0028D8D04E
:10281C0030BC01F069BF406D0028D2D0D0E9002354
:10282C008A184CEB0303F3E7406D0028C9D0D0E9BC
:10283C00042330BC8A184CEB030301F055BF00BFD6
:10284C0070B5244B044605690360002D32D06E68C8
:10285C00013E6E6076BB2B681F4ADB6A93422FD118
:10286C00A86D10B10BF03AFFAE652B6D23B305F1DB
:10287C00180006F0E9F92569E5B12B68174A5B6881
:10288C00934224D1164BA86D2B6018B10BF026FF88
:10289C000023AB652B6D05F11806A3B1304606F08D
:1028AC00D3F9104B3046AB6006F0CEF95C212846CC
:1028BC0009F014FE204670BD6B6D002BD7D1DAE702
:1028CC0028469847D7E76B6D002BE7D1E9E72846F8
:1028DC009847EFE7B8070020C5000000D9070000B3
:1028EC0008080020CC06002070B5264B044605696C
:1028FC000360002D32D06E68013E6E6076BB2B6893
:10290C00214ADB6A934233D1A86D10B10BF0E6FE7D
:10291C00AE652B6D43B305F1180006F095F92569EA
:10292C00E5B12B68194A5B68934228D1184BA86D06
:10293C002B6018B10BF0D2FE0023AB652B6D05F1AB
:10294C001806C3B1304606F07FF9124B3046AB6027
:10295C0006F07AF95C21284609F0C0FD20461421C6
:10296C0009F0BCFD204670BD6B6D002BD3D1D6E7B2
:10297C0028469847D3E76B6D002BE3D1E5E7284653
:10298C009847EBE7B8070020C5000000D907000006
:10299C0008080020CC0600202DE9F04106460C4624
:1029AC0031B108460CF094FA014620460BF04AF877
:1029BC001C4809F043FB356925B32B682046DF68BA
:1029CC000CF086FA184B02469F4225D1286D78B13F
:1029DC00214604F0A1FC3569A5B12B68134A9B690B
:1029EC00934215D1286D58B1BDE8F04104F0E8BB15
:1029FC00686D0028F1D0214602F062FD3569EBE7E5
:102A0C00686D08B9BDE8F081BDE8F04102F0B4BAD8
:102A1C002846BDE8F041184728462146B847356995
:102A2C00DAE700BFB8130020B905000091050000DB
:102A3C00F8B5182123480BF005F8234D2348244FF3
:102A4C00064609F0FBFAFE21284601F00FFC08BBF4
:102A5C00162138460AF0F6FF3046032409F0EEFA48
:102A6C0001210D2009F022FCC82009F0A1FB0D204A
:102A7C00002109F01BFCC82009F09AFB013CEFD1A6
:102A8C004FF4C87009F094FBFE21284601F0EEFBD0
:102A9C000028DDD001210D2009F008FCC82009F028
:102AAC0087FB00210D2009F001FCC82009F080FBF8
:102ABC00142108480AF0C6FF0448BDE8F84009F0A4
:102ACC00BDBA00BF8002002044200020B8130020B3
:102ADC009C020020B40200202DE9F04194B00A467B
:102AEC0044F2022305464549684606F0C7F9129B95
:102AFC00002B75D05C20002609F0EEFC404B04AF97
:102B0C000446C0E90036019B3946183040F80C3CAD
:102B1C003C4B40F8103C029B40F8083C9DF80C30B4
:102B2C0000F8043C06F04EF8374B4FF47A72A66569
:102B3C00A360364B6E602B6063682E730133AA6002
:102B4C002C616360324B3846DFF8D480314F324E03
:102B5C00009306F079F8286908B303681B6B4345AA
:102B6C001AD1036DC3B329212C480AF06BFF2A48F4
:102B7C0009F064FA01210D2009F098FBC82009F036
:102B8C0017FB00210D2009F091FBC82009F010FB68
:102B9C00284614B0BDE8F08198470028E3D11221F3
:102BAC0038460AF04FFF3046042409F047FA012159
:102BBC000D2009F07BFBC82009F0FAFA0D2000214A
:102BCC0009F074FBC82009F0F3FA013CEFD14FF483
:102BDC00C87009F0EDFABEE7436D002BC3D1DEE7F8
:102BEC00139B002B86D14FF47A71084A04AF2B73D8
:102BFC002A602B61C5E90131A4E700BF4820002001
:102C0C000808002064080020E4070020B807002012
:102C1C00CC06002014030020B81300202803002049
:102C2C00B100000084B070B58AB00EAC84E80F001F
:102C3C00204601F011F870B30DF1620C0DF1820415
:102C4C0001ADDCF800000CF1100C5CF80C1CAE466D
:102C5C005CF8082C10355CF8043CA445AEE80F0079
:102C6C00EFD1DCF8000001AC09AEDDF888C02860BB
:102C7C00A6460CF1100C1034BEE80F00B6454CF80B
:102C8C00100C4CF80C1C4CF8082C4CF8043CEFD1F4
:102C9C002068CCF800000AB0BDE8704004B0704762
:102CAC002DE9F043002387B04FF47A72DFF8E4810A
:102CBC008DF810308146CDF80480CDE902320369DD
:102CCC00059313B15A6801325A606A4901A8FFF79B
:102CDC0063FE059CCDF8048024B16568013D6560F8
:102CEC00002D7AD0644C0221644F04F13006254645
:102CFC0001E057F8041F2846063508F0A3FFAE4242
:102D0C00F7D15D4D284606354FF4FA6108F0A0FF67
:102D1C00B542F7D14FF4FA6009F04AFA204606346E
:102D2C004FF47A7108F094FFB442F7D14FF4FA6083
:102D3C0009F03EFA00224FF47A71D9F81030029261
:102D4C008DF810200391CDF80480059313B15A68C7
:102D5C0001325A604A4901A8FFF71EFE059CCDF8C6
:102D6C000480002C36D06568013D6560002D31D1A2
:102D7C002368444ADB6A934265D1A06D10B10BF015
:102D8C00ADFCA565236D002B59D004F1180005F09E
:102D9C005BFF23683C4A5B68934265D13B4BA06D5B
:102DAC00236018B10BF09AFC0023A365236D04F18A
:102DBC001805002B4DD0284605F046FF344B28460D
:102DCC00A36005F041FF5C21204607B0BDE8F0434D
:102DDC0009F084BB07B0BDE8F0832368294ADB6A9D
:102DEC00934233D1A06D10B10BF078FCA565236D27
:102DFC000BB304F1180005F027FF2368224A5B6827
:102E0C0093422ED1214BA06D236018B10BF066FCC0
:102E1C000023A365236D04F11805F3B1284605F0D2
:102E2C0013FF1B4B2846A36005F00EFF5C212046C8
:102E3C0009F054FB56E7636D002BDAD1DDE7636DC7
:102E4C00002BA2D1A5E720469847A2E72046984739
:102E5C00D3E7636D002BAED1B0E7636D002BDDD1F2
:102E6C00DFE7204698473DE7204607B0BDE8F04332
:102E7C00184700BFCC0200205027002080040020FF
:102E8C00EC020020C5000000D90700000808002053
:102E9C00CC060020B8070020414A424B92ED007A44
:102EAC00D2ED014AB1EE476A92ED035AD2ED026AB5
:102EBC0077EE647A92ED054A76EE855A36EE646AC0
:102ECC0076EEC56A37EE245A34EEC77AD2ED044A50
:102EDC0077EEC47A35EE045A37EE447A36EE046A4D
:102EEC0075EEA43A34EEA64A75EEE45A76EEE46A30
:102EFC00FDEEE77ABDEEC55ABDEEC77ABDEEC66AE9
:102F0C00FDEEE33ABDEEC44AFDEEE55AFDEEE66A8F
:102F1C0070B5254C1D4603F11C062DED028BB7EE4A
:102F2C00008ADFED228AC3ED007A83ED015A83ED2E
:102F3C00027A83ED036AC3ED043A83ED054AC3EDCF
:102F4C00065AC3ED076A02E00435D5ED007AF8EEB7
:102F5C00E77A4FF4FA61BFEE007AF4EEC87AF1EE3C
:102F6C0010FA14DCF4EEC77A4FF47A71F6EE006ABC
:102F7C00F1EE10FA0BD477EE887AB0EE687A67EE41
:102F8C00A87AA7EEA67AFDEEC77A17EE901A20461D
:102F9C00063408F05DFEB542D6D1BDEC028B70BD97
:102FAC0094260020AC2600205027002000007A44F4
:102FBC0084B08DE80F00BDF90630B3F5006F05DC69
:102FCC00002B80F2B080BFEE007A01E0B7EE007A01
:102FDC00BDF90A205A4BB2F5006F83ED007A30DC54
:102FEC00002A80F29380BDF90820BFEE007AB2F57A
:102FFC00006F83ED017A2DDDB7EE007ABDF92A2042
:10300C0083ED027AB2F5006F2FDC002A64DABDF989
:10301C002E20BFEE007AB2F5006F83ED037A2DDD22
:10302C00B7EE007ABDF9042083ED047AB2F5006F97
:10303C002FDC002A33DABFEE007A04B083ED057A78
:10304C007047B7EE007ABDF9082083ED017AB2F52E
:10305C00006FD1DC002A4CDABDF92A20BFEE007AD1
:10306C00B2F5006F83ED027ACFDDB7EE007ABDF9D1
:10307C002E2083ED037AB2F5006FD1DC002A1EDA24
:10308C00BDF90420BFEE007AB2F5006F83ED047A2F
:10309C00CFDDB7EE007A04B083ED057A704707EE0A
:1030AC00902ABFEE007ADFED276A04B0F8EEE77ADB
:1030BC0077EEA77AA7EEA67A83ED057A704707EE2E
:1030CC00902ABFEE007ADFED1F6AF8EEE77A77EE12
:1030DC00A77AA7EEA67AA5E707EE902ABFEE007AAC
:1030EC00DFED186AF8EEE77A77EEA77AA7EEA67A04
:1030FC00BDE707EE902ABFEE007ADFED126AF8EE1C
:10310C00E77A77EEA77AA7EEA67A77E707EE902A0A
:10311C00BFEE007ADFED0B6AF8EEE77A77EEA77A6E
:10312C00A7EEA67A8FE707EE903ABFEE007ADFEDB6
:10313C00056AF8EEE77A77EEA77AA7EEA67A47E764
:10314C00CC2600200000003A84B070B58EB013ACD1
:10315C000DF1700E0DF1140C17AE6D4684E80E00D7
:10316C00BEE80F00ACE80F00BEE80F00ACE80F00A3
:10317C00DEF80030CCF800300FCE0FC533682B6072
:10318C0094E80F00FFF714FFBDF95C204349D317F7
:10319C0081FB0212C3EBE2131BB283B3012B3CD0B5
:1031AC003F484049404A414BD1ED004A92ED006AFC
:1031BC0003F118043E493F4A90ED003B3E48B0EC09
:1031CC00015A93ED007A25EE245AF1EC016AB7EE20
:1031DC00C77AB7EEC55AA5EE037BB7EEC77B77EE81
:1031EC00667AA3EC017A9C4267EE867AE2EC017A6D
:1031FC00E5D10EB0BDE8704004B0FFF74DBE2E4DCA
:10320C002C4C0FCD0FC495E8030084E803000EB0DE
:10321C00BDE8704004B0FFF73FBE2449B6EE002B6A
:10322C00234B91ED034A93ED037AD3ED047A91EDA0
:10323C00045A34EE474A204A1B4835EE675A92ED41
:10324C00036AB7EEC44A90ED003A92ED047AB7EEF9
:10325C00C55AB7EEC33A174BB7EEC66A1468B7EE49
:10326C00C77A50689168A3EE046B52691C60586071
:10327C009960A3EE057B5A6126EE026B27EE027B6A
:10328C00B7EEC66BB7EEC77B83ED036A83ED047AAA
:10329C000EB0BDE8704004B0FFF7FEBD01030C306A
:1032AC00E01C0020D81500204C2700209827002077
:1032BC008027002094260020CC26002084B000B566
:1032CC0083B00DF1100C8CE80F00BDF91C30B3F578
:1032DC00006F04DC002B2ADA4FF47A7101E04FF412
:1032EC00FA611B48019108F0B3FC0199194808F0E8
:1032FC00AFFCBDF822304FF48062FF21082013FB95
:10330C000123002B1946B8BF03F2FF71002B4FEAC3
:10331C00E121B8BF01F1FF31019109F06DF901997B
:10332C000A2003B05DF804EB04B009F065B907EEB0
:10333C00903ADFED096AB8EEE77ADFED087A27EE0E
:10334C00277AE7EE267AFDEEE77A17EE901AC8E7B1
:10335C00AC280020B42800200000003A00007A4479
:10336C0084B070B504ACBDF940C0BDF93850BDF99E
:10337C003C6084E80F004D4B4FEAEC7483FB0C3C33
:10338C00C4EBEC1424B2002C44D0012C55D14FF4D6
:10339C00FA61474808F05CFC4FF4FA61454808F0C4
:1033AC0057FC4FF480624FF4FF7315FB03234FF46B
:1033BC008062002B1D46B8BF03F2FF75002B4FF443
:1033CC00FF734FEAE52516FB0323ACBFFF3DA5F5C4
:1033DC008075002B1C46B8BF03F2FF74002B4FEA1C
:1033EC00E42455DBFF3C002D57DD2946072009F06E
:1033FC0003F90021082009F0FFF8002C4BDD2146D1
:10340C00052009F0F9F800210620BDE8704004B051
:10341C0009F0F2B80720214609F0EEF82146082001
:10342C0009F0EAF80520002109F0E6F8214606200B
:10343C00BDE8704004B009F0DFB84FF47A711C4855
:10344C0008F006FC4FF47A711A4808F001FC4FF4AE
:10345C00FF724FF4806315FB02334FF4FF72002BA5
:10346C001D46B8BF03F2FF75002B4FF480634FEA83
:10347C00E52516FB0236ACBFFF3DA5F58075002E89
:10348C003446B8BF06F2FF74002E4FEAE424A9DAE2
:10349C00A4F58074A7E76442C4E70021072009F073
:1034AC00ABF86942082009F0A7F8A6E701030C3035
:1034BC009C280020A42800202DE9F0438D4D87B0D6
:1034CC008D4C40F2EE288D4FDFF86C922E680AF08E
:1034DC0037FB2378002B00F0B0803B78DB0740F102
:1034EC00AC802B68D9F800209B1A0E2B40F2A580DB
:1034FC00834CFFF79DFA834901A8FFF7EDFA266983
:10350C002EB17768013F7760002F00F0A480059BF7
:10351C0001210D207C4E236108F004FF012128209D
:10352C0008F000FF0121292008F0FCFE01210820F1
:10353C0008F0F8FE0121092008F0F4FE01210A2010
:10354C0008F0F0FE01210B2008F0ECFE00212620F3
:10355C0008F0E8FE0021272008F0E4FE16216B4855
:10356C0008F070FB17216A4808F06CFB00216948D1
:10357C0008F068FB0021684808F064FB00224FF457
:10358C007A71236902928DF81020039105930196AC
:10359C0013B15A6801325A6001A8FFF781FB059CF0
:1035AC000196002C35D06668013E6660002E30D145
:1035BC0023685A4ADB6A934240F08780A06D10B1B1
:1035CC000BF08CF8A665236D002B7AD004F1180053
:1035DC0005F03AFB2368524A5B68934240F08380C3
:1035EC00504BA06D236018B10BF078F80023A36545
:1035FC00236D04F11806002B6DD0304605F024FB2A
:10360C00494B3046A36005F01FFB5C21204608F0B7
:10361C0065FF464800F006FA454800F003FA4FF4FF
:10362C007A7008F0C5FD95ED007A424BB8EE477BF9
:10363C0083ED007B07B0BDE8F0832B6822789B1BE1
:10364C0032B1B3F5FA6F3FF653AF0AF079FA3EE7B1
:10365C004345FAD94CE73368304ADB6A934237D199
:10366C00B06D10B10BF03AF8B765336D2BB306F1B2
:10367C00180005F0E9FA2669002E3FF448AF3368CC
:10368C00274A5B68934231D1264BB06D336018B139
:10369C000BF024F80023B365336D06F11807F3B172
:1036AC00384605F0D1FA204B3846B36005F0CCFA19
:1036BC005C21304608F012FF29E7736D002BD6D140
:1036CC00D9E7636D002B81D184E72046984781E7C9
:1036DC0030469847CFE7636D002B8ED190E7736D22
:1036EC00002BDDD1DFE72046984792E7304698471C
:1036FC000DE700BFC0280020F4280020F32800208C
:10370C00701500208C0D0020B8070020AC2800207C
:10371C00B42800209C280020A4280020C50000000C
:10372C00D907000008080020CC060020F82700204C
:10373C0048280020F81C0020D02800202DE9F04754
:10374C0098B072B662B67E4A6C467E4B92ED007AA9
:10375C007D4EB8EE477B7D4A7D4D06F1100C7D4FBA
:10376C0093ED006B109537EE466B82ED007B7A4A39
:10377C0083ED007B82ED006BBCE80F000FC4BCE84E
:10378C000F000FC4BCE80F000FC49CE80F0084E8C6
:10379C000F0096E80F00714EFFF744FA1097EE46B3
:1037AC0006F1100CBCE80F00AEE80F00BCE80F00EF
:1037BC00AEE80F00BCE80F00AEE80F009CE80F006D
:1037CC0084E80F0096E80F00FFF72CFA00234FF463
:1037DC007A7263498DF858300E69CDE91432614A1A
:1037EC0017961392002E00F083807368BC4606ACCB
:1037FC0005F10C0E01336F467360BCE80F000FC46B
:10380C00BCE80F000FC4DCF800302360BEE80F00EA
:10381C000FC79EE8030087E8030013A895E80E0085
:10382C00FFF792FC7468013C7460002C2ED1336855
:10383C004D4ADB6A934279D1B06D10B10AF04EFF5C
:10384C00B465336D002B6DD006F1180005F0FCF952
:10385C003368464A5B6893426FD1454BB06D336019
:10386C0018B10AF03BFF0023B365336D06F1180461
:10387C00002B5ED0204605F0E7F93E4B2046B360A6
:10388C0005F0E2F95C21304608F028FE314C05AF1A
:10389C00394EE9460FCC0FC70FCCA0460FC758F8CE
:1038AC0020393B600FCEB246A9E80F005AF8103908
:1038BC00C9F8003095E80F00FFF700FDD4F800E0E0
:1038CC0005ACD6F800C06E46B8E80F000FC4B8E8D7
:1038DC000F000FC4C7F800E0BAE80F000FC695E858
:1038EC000F00C9F800C0FFF73BFD18B0BDE8F0872A
:1038FC00BC4606AC05F10C076E46BCE80F000FC4C5
:10390C00BCE80F000FC4DCF8003023600FCF0FC6EB
:10391C0097E8030086E8030013A895E80E00FFF76C
:10392C0013FCB3E7736D002B8ED191E730469847AB
:10393C008EE7736D002B9DD19FE730469847A5E726
:10394C00C0280020F81C0020F8270020F01C0020C4
:10395C00E426002008270020E01C00204828002036
:10396C0070150020B8070020C5000000D907000022
:10397C0008080020CC060020F426002038B51A4A8E
:10398C0000210120194C1A4D1A4B91811560908021
:10399C009460194A98809C6099811A60174808F0C5
:1039AC00DDF8174808F0DAF8164C174808F0D6F886
:1039BC00164804F1300508F0D1F82046063408F01A
:1039CC00CDF8A542F9D11249F7EE006A114B91EDF1
:1039DC00007A114AC6EE877A10491148C3ED007A75
:1039EC00BDE838400AF06CBEF8270020A086010024
:1039FC00C81300204828002028140020AC280020E0
:103A0C00B4280020502700209C280020A428002047
:103A1C00581500204C270020480F0020B10800004A
:103A2C0070150020437910B5044683B90E492379EB
:103A3C000A462068A2608BB103684FF49B72DB6965
:103A4C00984720680368BDE81040DB6818470749B1
:103A5C0023790A462068A260002BEDD103684FF44D
:103A6C008372DB699847ECE7A0860100400D0300E8
:103A7C002DE9F04F002587B001270F26044620685A
:103A8C0003681B69984758B3206803685B699847BB
:103A9C0094F90C30C0B2A0736BB90F2801D06073CD
:103AAC00EDE7637B1BB103F00F03042BF7D12773F6
:103ABC00E6736073E3E7172B05DC5A1C234422736F
:103ACC00D8736073DBE7182B02D025736073D6E7CD
:103ADC0000236073237338B100F00F00042803D067
:103AEC00002007B0BDE8F08F94F817E0A07CCDF86B
:103AFC0010E094F81EE094F811A0E37CCDF814E0EB
:103B0C004FEA401E03934FEA0A23CEF30A0E94F8B1
:103B1C001490C3F30A0294F821304EEADA0E94F8AA
:103B2C00158001938009039BA4F830E04FEA892E9D
:103B3C0040EA8300A17DCEF30A0E277E049B40EA67
:103B4C000E000292627F60864FEAC810267FC0F397
:103B5C000A00E57F94F819C040EA590094F820B0A7
:103B6C00A0860801C909C0F30A0041EA4301059B7C
:103B7C0040EA1810E0867802C0F30A0001435001B5
:103B8C009209C0F30A00218742EA830240EAD60078
:103B9C004FEA8C11A4F84000A802C1F30A014FEAC5
:103BAC005C1CC0F30A0041EA9701024361873102B1
:103BBC00A4F842204FEACB12C1F30A01C2F30A0265
:103BCC0042EA5502A4F84420019B02981A0194F889
:103BDC002250DB09C2F30A0243EA450342EA1B12F4
:103BEC00A4F84620227C024394F82300E285A27EAE
:103BFC004CEAC20CE27E0A434102A4F83CC0C1F379
:103C0C000A01E28794F824200B439101A4F8483070
:103C1C005209C1F30A0194F8263041EA900194F854
:103C2C002500A4F84A1042EAC00203F00101C3F3D4
:103C3C004000A4F84C2084F82C10C3F3800184F8C5
:103C4C002D00C3F3C003012084F82A1084F82B3014
:103C5C0007B0BDE8F08F00BF38B50023012504463E
:103C6C0080F828302046FFF703FF08B184F828506D
:103C7C00206803681B6998470028F3D194F8280042
:103C8C0038BD00BF704700BF30B583B005460C4649
:103C9C0008F0D0FD1C4B984204D800232B802380C5
:103CAC0003B030BD694608F0D7F99DF805309DF892
:103CBC00062001339DF80410503ADBB292B21F2952
:103CCC0098BF0C2B01D87F2A18D900219DF802200F
:103CDC009DF801302980172A98BF3B2B9DF80010C6
:103CEC0001D83B2903D90023238003B030BD5B01ED
:103CFC0043EAC22343EA51039BB2F5E741EA43117D
:103D0C0041EA422189B2E1E7FFA5CE12012BF0B5C1
:103D1C00054695B03DD0022B40F2022001F1040182
:103D2C000CBF03460023684605F0A8F8129B002B35
:103D3C0038D05C20002608F0CFFB214B04AF0446A2
:103D4C00C0E90036019B3946183040F80C3C1D4B3D
:103D5C0040F8103C029B40F8083C9DF80C3000F8F1
:103D6C00043C04F02FFF184B4FF47A72A665A36045
:103D7C00164B6E602B6063682E730133AA602C6146
:103D8C006360134B3846009304F05EFF284615B071
:103D9C00F0BD44F202230431684605F06FF8129B23
:103DAC00002BC6D1139B002BC3D14FF47A71074A59
:103DBC0004AF2B732A602B61C5E90131E1E700BF29
:103DCC000808002064080020E4070020B807002041
:103DDC00CC06002010B5D0F884448EB00A4644B10D
:103DEC00002321466846009302F01EFE80B90EB0F7
:103DFC0010BDD0F8881441B1234668460C9400F0ED
:103E0C0031FF50B900200EB010BD08460EB010BDE9
:103E1C00684603F05DF80EB010BD684600F0E0FF98
:103E2C000028EFD0E3E700BF70B5D0F884548EB013
:103E3C0016465DB105F5896500230A466846294694
:103E4C00009302F06FFD90B90EB070BDD0F88804ED
:103E5C000028F9D000F589640A462B4668462146AD
:103E6C000C9500F083FE48B900200EB070BD3246B0
:103E7C002946684602F036FF0EB070BD3246214628
:103E8C00684601F001F90028EED0DDE710B5D0F856
:103E9C0084448EB00A464CB1002001232146009088
:103EAC00684602F0C1FD80B90EB010BDD0F8881480
:103EBC0041B1012368460C9400F0D4FE50B90020A7
:103ECC000EB010BD08460EB010BD684603F0B2FE31
:103EDC000EB010BD684600F029FF0028EFD0E3E7D4
:103EEC0030B5D0F884448FB00A464CB1002501237C
:103EFC0004F589616846009502F09EFC0FB030BD58
:103F0C00D0F888040028F9D000F5896101236846AF
:103F1C000C9401F03BF90FB030BD00BF10B5D0F8D8
:103F2C0084448EB00A463CB1002321466846009377
:103F3C0002F07AFD0EB010BDD0F8881431B12346D2
:103F4C0068460C9400F08EFE0EB010BD08460EB004
:103F5C0010BD00BFF8B5054690F8D00408B901466D
:103F6C00F8BDD5F88434002B4CD0DC69D5F890041E
:103F7C00013C002854D00368DB6B9847E0B1D5F8BE
:103F8C00900478B303681B6C9847A8B9D5F89004D3
:103F9C0040B3036801215B6C9847074610B3D5F812
:103FAC00840458BBD5F8886433466EB9D5F89004B0
:103FBC0090B900200146D3E7D5F88404E8B9D5F8C8
:103FCC008834002BF5D00746184602F0B3F90646A4
:103FDC003FB1D5F8900428B1036800215B6C984779
:103FEC0000B1A41BD5F88434FBB19B794FF400715C
:103FFC00994089B2A1FB0401F8BD002704F06CFCC8
:10400C000646E5E7D5F88834D5F89004B3B1D3F873
:10401C0030440028AFD1184602F08CF90646E0E790
:10402C00184604F059FC0646DBE7D5F88864002EE8
:10403C00BFD0D6F83C14A1FB0401F8BD0028B8D0C1
:10404C001C4698E790F8D03463B1D0F8843463B14F
:10405C009A794FF40070D9699040013980B2A0FB75
:10406C0001017047184601467047D0F888040028B3
:10407C00F9D0D0F83C14D0F83004A1FB0001704703
:10408C002DE9F043D0F890548DB04DB198462B6883
:10409C0004462846DB699847B0F5405F064604D8CD
:1040AC00002630460DB0BDE8F0834FF400700AF0E6
:1040BC000DFB07460028F3D00DF10409B6F1806F13
:1040CC0002464346294648462ED901F0FFFB0646D8
:1040DC0038460AF003FB002EE2D02B682846271D39
:1040EC001B6A984794F8C034FF2B21D0D4F8C43401
:1040FC0004F5946502932846D4F8C8340393B4F8B5
:10410C00C034ADF8043099E80E0005F07DFD94F84C
:10411C00B134C4F89054002BC3D10123294638463E
:10412C001A4604F039FEBCE704F09CF80646CFE7CB
:10413C0004F2944594F8CC14284606F0ADFB2846BE
:10414C00C4F8905405F00AFE0028AAD10123D4F833
:10415C00901438461A4604F01FFEA2E7F0B5D0F8CA
:10416C00906485B00446002E42D090F8D05490F85C
:10417C00D13485B1FE2B63D094F8D20436283DD9C6
:10418C003368694630469B6C98470546284684F848
:10419C00D05405B0F0BDFE2B26D090F8D2043628B2
:1041AC0049D994F8C034271DFF2B2DD0D4F8C43432
:1041BC0004F59466D4F8C82401933046B4F8C0349E
:1041CC000292ADF800306B460ECB05F01DFD94F855
:1041DC00B134C4F8906463B90123314638461A46A9
:1041EC0004F0DAFD054604E01F4B9B689B03D8D412
:1041FC000025284684F8D05405B0F0BD08F080F8AE
:10420C00051E18BF0125F4E704F2944694F8CC146B
:10421C00304606F041FB3046C4F8906405F09EFD34
:10422C000028E6D10123D4F8901438461A4604F03D
:10423C00B3FD0546DDE708F063F80028B1D1D7E7F8
:10424C00336830465B6D9847421C034694D0002877
:10425C00CFD194F8D124FE2ACAD103212E201D4699
:10426C0008F060F8C5E700BF00800042F0B50D46CD
:10427C00044685B0304807F04FF8FE2D84F8D15431
:10428C0026D0362D02D9002005B0F0BD00262B4BD0
:10429C0004F594678DF80450C4F8C4348DF80560A7
:1042AC00384684F8C05484F8C164C4F8C864CDE9B5
:1042BC00023604AB13E90E0005F0A6FC94F8B134F9
:1042CC00C4F8907483B3304684F8D00405B0F0BDC4
:1042DC0004F294450023FF221946284684F8CC3476
:1042EC0084F8C02406F0D8FA2846C4F8905405F097
:1042FC0035FD70B90123D4F89014201D1A4604F032
:10430C004BFD30B101222E2384F8D02484F8D23412
:10431C00BAE72E200025032184F8D20484F8D05467
:10432C0008F000F82846AFE701233946201D1A464D
:10433C0004F032FDC8E700BFF91C000040787D0195
:10434C0018484FF0290C184A0023184910B4C0F82B
:10435C009424072280F8B1C44FF0FF0CC0F8A814C5
:10436C004FF47F41124CC0F8AC24124AA0F8D01480
:10437C00A0F89C3480F8B53480F8CC3480F8D2C4E2
:10438C000460C0F8A0240C490C4A5DF8044BC0F83A
:10439C008434C0F88834C0F8903480F8BC340AF007
:1043AC008FB900BF44200020B808002000093D0050
:1043BC0088080020F0060020F51C0000480F0020A3
:1043CC0070B500F1240384B08C46044601AD16464A
:1043DC0093E8070085E807004FEA4C122946206A4B
:1043EC0001F0C4FE012806D132462946206A01F0AC
:1043FC00A1FE04B070BD002004B070BD10B5044621
:10440C0000F0BAFD002384F8313084F8333010BD4D
:10441C0038B514460D46002200F12401006A01F063
:10442C0089FE034620B1428901202A801B89238002
:10443C0038BD00BF38B514460D46002200F12401EA
:10444C00006A01F077FE034620B1C28901202A8060
:10445C009B89238038BD00BF38B50D4690F83110CC
:10446C0009B1002038BD382204460AF02BFC012388
:10447C0040222562184684F8333084F8312038BD48
:10448C00F0B40D460978202903D115F8014F202CE2
:10449C00FBD0156095602C782F2C11D084B16E1C3C
:1044AC003C2C1D4F35462AD8212C12D804F1FF3C48
:1044BC00BCF11E0F16D80020F0BC704715F8014F48
:1044CC00202CFBD02F2CF9D01D601146F0BC01F034
:1044DC001FBDA4F1220C5FFA8CFC27FA0CFC1CF01B
:1044EC00010FE8D12E2C01D0202C0DD116F8014B48
:1044FC00002CE5D02F2CE3D03C2C3546D4D95C2CA9
:10450C00D9D003D97C2CD6D09660EFE73E3C012C59
:10451C00FAD80020F0BC7047012100052DE9F04FBE
:10452C0090F8333083B00546DC0774D558060F4637
:10453C00904640F1B080D5E90023D5E9041018EB82
:10454C00020443F10003A14270EB0303C0F0A98005
:10455C00B8F1000F5BD0464605F11809D5E90032D9
:10456C00D5F820A0DAF838441C40C4F3080B002C12
:10457C0070D1134370D195F831305A064CBFDAF82C
:10458C003424EA69AA619AF84504023ADAF82C1440
:10459C00630A824001EB54211144BBF1000F45D159
:1045AC00B6F5007F42D3DAF81C2291423ED0B6F524
:1045BC00806F58D34FF0010B0BFA00FBABEB030BE6
:1045CC00730A9B4528BF9B4691424FEA4B240AD85D
:1045DC0001EB0B039A4206D20AF50470019106F026
:1045EC003DFE0199B8B1DAF814025B460268D2F8C4
:1045FC0014A03A46D04770B123462744D5E900129F
:10460C005B1842F10002361BC5E90032A8D14046C6
:10461C0003B0BDE8F08F95F832304FF0FF3043F027
:10462C00020385F8323003B0BDE8F08FCBF500748F
:10463C0000220AF50470B44228BF344606F03AFE54
:10464C000028E8D000EB0B012246384607F0AAFE02
:10465C002346D2E7AA6996E795F833305B060ED568
:10466C00AA6901328EE7DAF814023A4603681B692C
:10467C0098470028CFD04FF400731C46BDE74A463C
:10468C005046A96901F0B4FD0028C4DB0CD0D5F864
:10469C0020A0AA6977E795F8313019077FF558AF54
:1046AC0049E7A1EB020853E795F8313013F0500FAE
:1046BC00B1D0A8EB06084046AAE700BFF0B583B01E
:1046CC000122044685690DF10701D0E90067FFF767
:1046DC0025FF0128A5610CBF9DF807004FF0FF30A6
:1046EC00C4E9006703B0F0BD2DE9F04F1F4690F808
:1046FC00313083B00446D0F81880002B51D01646C8
:10470C00D0E9001CBC4508BF91425CD056EA0702B8
:10471C004DD01D0704D5D0E90402B042BA4140D3B4
:10472C0094F83320751ED4F820A0019247F1FF3085
:10473C009AF845240932D2B2C2F1200ED540A2F12A
:10474C00200900FA0EFB20FA09F045EA0B05054397
:10475C000198400633D4481E20FA02F24CF1FF3087
:10476C0051EA0C0C00FA0EFE20FA09F042EA0E0295
:10477C0042EA000201D0954229D25B064CBFDAF81E
:10478C003434E369A36104F1180906E0A169013D21
:10479C00206A01F02DFD002803DD4A46002DF5D1DD
:1047AC0007E00020C4F8188003B0BDE8F08F0023A8
:1047BC0083610120C4E9006703B0BDE8F08FE369B1
:1047CC002B44A361F5E7012003B0BDE8F08FAD1ACF
:1047DC00D9E700BF2DE9F04F174690F831208FB084
:1047EC000546002A40F0D7808B4691F8311011F025
:1047FC00500F00F0D08003F003019A46032900F01B
:10480C00CA80013103F0080041EA00030293002F33
:10481C0000F0CB80396901F10E08B649A1FB0818EC
:10482C00DBE900104FEAD808014308F102085FFAEF
:10483C0088F805D000200021CBF81820CBE9000126
:10484C000024029B264643F040030393202206A932
:10485C005846FFF763FE00B3202840F09C809DF97A
:10486C0018209DF81830002AC0F2A28034B9DBF869
:10487C000020A2F12009DBF818200192444501D256
:10488C000134E4B2002B00F01381202206A9584613
:10489C000026FFF743FE0028DED11AF4007F7AD001
:1048AC00029B9B0777D5002F75D0444517D2DDF8B6
:1048BC0004A0202206A95846FFF730FE631C0028EE
:1048CC0061D0202867D12CB9DBF80020DBF818A0C8
:1048DC00A2F12009DCB2A045EBD8CDF804A0382217
:1048EC00002128469BF833400AF0ECF9DBF8203025
:1048FC00C4F38014019A2B620823002685F82C40FF
:10490C0085F831303B68C5E909297B60BE81B8F177
:10491C00000F33D008F1FF39B346DFF8DCA15FFAA2
:10492C0089F9012259462846FFF74AFD044690B3FF
:10493C0090F90020002A2EDB202200210AF0C2F977
:10494C00002E00F0BC80BBF1010F00F0D780C1231A
:10495C00A3461E3404F81E3CBB8938461BB9D7E964
:10496C0001239A4205D006F0E3FC2BF8020FA34575
:10497C00F2D101365FFA86FBD845D2D8284600F032
:10498C00FBFA06460DE05846DBF8186000F024FBF5
:10499C00002840F0918000231E4685F8313085F8C0
:1049AC00333030460FB0BDE8F08F4FF0030847E7C7
:1049BC0056BB444538BF0024852B7FF447AF3146A6
:1049CC003822284601260AF07DF99DF81C209DF816
:1049DC00193085F8303002F03703D20658BF43F057
:1049EC00080385F83130DBF80030DBF82020203B61
:1049FC002A62DBF81820C5E909239BF83330C3F38E
:104A0C00801385F82C3021E7C02B28D0C12B7FF4E4
:104A1C003CAF3A4606A9284601F0EEF9E8B1BB894D
:104A2C00DBB9D7E901329A4217D11AF4006FB2D12F
:104A3C001AF4884F70D195F8333098076CD41AF467
:104A4C00806FA8D11AF4804FABD02846D5E9042347
:104A5C00FFF74AFE0028A4D19DE70646F6E6029B26
:104A6C0085F833309DF819309B0702D5039B85F8E8
:104A7C0033300B9BEB61DDE90823C5E90423DDE949
:104A8C000C23C5E90223002FCFD04FF000033A6965
:104A9C00BB813B687B609DF81B309A427FF4F5AE7E
:104AAC00BE8ABDF81C30F61AB6FA86F67609CDE643
:104ABC00002F7FF4F2AE6EE7CBF818600BE785237E
:104ACC00237085F8309084F80190DAF80030002BD0
:104ADC0046D00DF113020DF1160105A89847BDF84B
:104AEC0014306381BDF8163023819DF81330237583
:104AFC003FE700BF898888884C260020C02384F8B3
:104B0C0001B02370029B63F07F0385F833303B695F
:104B1C00E370BB8AA3802CE795F83130D9063FF5BA
:104B2C003AAF13F001017FF436AF1AF4806F89D0DD
:104B3C0095F8332092077FF52EAF002B3FF42BAF67
:104B4C00D5E90032134304D000220023A961C5E942
:104B5C000023284600F042FC00283FF41CAF20E75D
:104B6C0045F621236381E381638202E72DE9F0435B
:104B7C00002597B0994690F8313001921495ADF814
:104B8C001450002B3ED191F831300F4613F0500FDA
:104B9C0038D01378044616462F2B37D04FF0000828
:104BAC0001AB02AA31462046FFF76AFC50B3019EC6
:104BBC003378002B3ED0002302AA39462046FFF75B
:104BCC0009FEF8B1A44608AD04F13007DCF800008A
:104BDC000CF1100C5CF80C1CAE465CF8082C103573
:104BEC005CF8043CBC45AEE80F00EFD1DCF80000EB
:104BFC0008AF2860204600F0BFF984F8318084F8B3
:104C0C003380CDE7002017B0BDE8F08316F8011F04
:104C1C002F29FBD00196B1B9382220463D6A0AF003
:104C2C0051F8012340222562184684F8333084F869
:104C3C003120E8E74B4602AA39462046FFF7CAFD69
:104C4C0017B0BDE8F0833822002108A83D6A0AF0AD
:104C5C0039F8012308AF10958DF8533040238DF8A7
:104C6C0051309BE719B101F58961FFF77FBF084609
:104C7C00704700BF90F8313063B991F8313013F0C0
:104C8C00500F07D00B6813F01F0C03D1134662466C
:104C9C00FFF7A0BD002070478169F8B50446006A93
:104CAC0001B10131012201F069F90128054632D91F
:104CBC0001230146206A1A4601F0C0F9064650B39A
:104CCC00A3695BB394F83320510612D5591CA94241
:104CDC0018D022F04002E16984F8332005E0206A04
:104CEC0001F0A8FA3946B0B1A3694F1C99423A4673
:104CFC00F5D34FF0FF322946206A01F09BFA50B1F0
:104D0C00A16911B93046A561F8BD2A46206A01F0A7
:104D1C0091FA0028F6D100263046F8BD94F83330CD
:104D2C0043F0400384F83330ECE700BF90F83330A5
:104D3C009A0736D5C16970B50546A1B9002421463C
:104D4C0007E0037803F07F03037095F830308B4253
:104D5C0029D3013401222846FFF732FBE1B20028A7
:104D6C00EFD1002070BD5B06006A34D590F8453455
:104D7C00D5E902240933013ADBB244F1FF34C3F123
:104D8C00200CDA40203B04FA0CFC24FA03F342EA30
:104D9C000C021A430023013201F050F90028CDD146
:104DAC00DFE70020704700232C6A85F8313020465D
:104DBC0085F8333006F052FA0028D2D004F504708E
:104DCC0006F04CFA0028CCD0D4F840040368BDE8B7
:104DDC0070401B6A184701F04DFA0028AED1C0E7AD
:104DEC0090F83130DB0601D40020704710B500225A
:104DFC0088B000230446FFF777FC08E020281BD17D
:104E0C009DF900309DF80020002B15DB32B12022DB
:104E1C0069462046FFF782FB0028EFD194F8333027
:104E2C000822204643F0020384F8312084F8333002
:104E3C00FFF77CFF08B010BD002008B010BD00BF0C
:104E4C002DE9F0414FF0000882B04A4F0646444627
:104E5C00414600223046FFF7B3FA054630B10178DF
:104E6C00C02969D0C1292BD0852909D096F83230B8
:104E7C00002043F0010386F8323002B0BDE8F08127
:104E8C0096F8313003F0370383803B6883B10DF122
:104E9C0003020DF1060101A89847BDF80630AB815D
:104EAC002B82BDF80430EB816B829DF803306B755F
:104EBC00326A92F8103243F0010382F810322978EA
:104ECC00A1F185000022B0FA80F0400901E0042233
:104EDC00A95CE303012A02F1010243EA540311FA2B
:104EEC0083F39CB201D10028F1D11F2AF0D908F12B
:104EFC00010896F830305FFA88F18B42A9D2012272
:104F0C0006F12401306A01F015F90028AED0356A9B
:104F1C004480284606F0A2F90028A7D005F50470B5
:104F2C0006F09CF90028A1D0D5F8400403681B6A50
:104F3C0098470028A1D199E796F8333013F0400F29
:104F4C00437814BF43F0020303F0FD034370D6E92A
:104F5C000401D6E90732C5E90201D6E902016B6109
:104F6C00C5E9060192F8103243F0010382F81032C1
:104F7C002978A5E74C26002038B590F8313043B39A
:104F8C0090F93320044690F83330002A0CDB056A84
:104F9C00284606F063F978B994F83230002043F0D3
:104FAC00010384F8323038BD03F07F0380F83330CE
:104FBC00BDE83840FFF744BF05F5047006F04EF924
:104FCC000028E9D0D5F8400403681B6A98470028EC
:104FDC00E2D0012038BD00BF70B590F831300546E5
:104FEC005A064CD480682B6AD3F83C341844B0F180
:104FFC00806F01D3002070BD2846FFF74DFE0028BE
:10500C00F8D0286A0024AE6990F84534023E9E40E0
:10501C00D0F82C341E443119052200F504700134EB
:10502C0006F048F94FF4007200210028E2D009F094
:10503C0049FE286A012390F8452493409C42EAD308
:10504C0095F831305B0615D495F8332062F07F0269
:10505C00D5E9023185F83320D0F83C249B1841F176
:10506C000000AB60D5E90431E8609B1841F1000108
:10507C00C5E904312846BDE87040FFF77DBF006AE2
:10508C0001F0FEF9AFE700BF70B5044690F83100AF
:10509C009CB0002310F0180F0C931A9303D0206AC5
:1050AC000B6A984202D000201CB070BD40F6012360
:1050BC006846FFF75BFD0028F5D0A44604F13006E6
:1050CC000EADDCF800000CF1100C5CF80C1CAE46BC
:1050DC005CF8082C10355CF8043CB445AEE80F00C5
:1050EC00EFD1DCF8000009AA04F1240328609DF834
:1050FC00305007CA83E8070094F83330204684F810
:10510C00305063F07F0384F83330FFF735FF00280D
:10511C00C9D00021022208230EA815918DF86B200E
:10512C008DF86930FFF702FEBEE700BF38B591F885
:10513C00313013F0500F02D10025284638BD40F60F
:10514C0002230446FFF746FB0028F5D01023204627
:10515C0084F83130FFF740FF05460028ECD0A169F8
:10516C00002200232046E161FFF7BEFAC12294F829
:10517C00313084F83320002BDFD04123204684F8D3
:10518C003330BDE83840FFF75BBE00BFF0B50025FB
:10519C0097B01F4690F831300192ADF81450149529
:1051AC00002B46D191F831300E4613F0500F40D001
:1051BC001378044611462F2B3ED001AB02AA204691
:1051CC00FFF75EF9002834D0019B1B78002B41D0EF
:1051DC00002302AA31462046FFF7FCFA30B947B348
:1051EC0002AA31462046FFF7A1FF10B3A44608AD32
:1051FC0004F13006DCF800000CF1100C5CF80C1C0F
:10520C00AE465CF8082C10355CF8043CB445AEE8AE
:10521C000F00EFD1DCF8000008AE28602046FFF745
:10522C00EDF8019901AB02AA2046FFF729F90028F5
:10523C00CAD1002017B0F0BD013101910B782F2B92
:10524C00FAD0316A08A8FFF707F90028F1D00199C4
:10525C0008AEB2E702AA31462046FFF767FF17B047
:10526C00F0BD00BF2DE9F04F0E4690F8311083B021
:10527C0009079DF830B09DF834909DF838809DF862
:10528C003C7040F18580A2F2BC7294B27F2C7FD826
:10529C005A1E0B2A7CD80BF1FF321E2A78D8B8F193
:1052AC003B0F98BFB9F1170F8CBF4FF0010A4FF0AD
:1052BC00000A3B2F88BF4AF0010ABAF1000F67D1F0
:1052CC0005460193FFF758FE002861D0019B51461B
:1052DC004BEA431B7B0817F001074BEA4424D346E7
:1052EC0043EA481818BF6427A4B248EAC92806F054
:1052FC0001091FFA88F800222846FFF761F80028F8
:10530C0046D090F800C0BCF1850F45D00CF140039D
:10531C00DBB2012B3CD8ACF185010023B1FA81F151
:10532C00490902E0042310F803C04FEACB32012BE9
:10533C0003F1010342EA5B021CFA82F21FFA82FBC0
:10534C0001D10029EED11F2BEDD90AF1010A95F8F4
:10535C0030305FFA8AF18B42CDD2012205F1240163
:10536C00286A00F0E7FE98B12C6AA0F802B020463B
:10537C0005F074FF60B104F5047005F06FFF38B1EF
:10538C00D4F8400403681B6A03B0BDE8F04F18471B
:10539C00002003B0BDE8F08F95F831302A6A03F095
:1053AC003703838092F8103243F0010382F81032F5
:1053BC00B9F1000F02D0A0F810804482B20703D5D7
:1053CC000775A0F808804481730703D54775A0F8CA
:1053DC000C80C48190F800C09DE700BF90F833307A
:1053EC009A0762D570B5C56982B00446A5B313F0AF
:1053FC00400634D0006AA26890F845C4013AE168CE
:10540C000CF1090C41F1FF315FFA8CFCCCF1200E50
:10541C0022FA0CF2ACF1200C01FA0EFE21FA0CFC73
:10542C00A16942EA0E0242EA0C02013219B3013DB3
:10543C006D1A01312A44019172BB63F07F0320463F
:10544C0094ED007B84F8333084ED027B84ED047B97
:10545C00FFF792FD02B070BD012002B070BD8169F2
:10546C0061B90195C1612946206A00F003FFC8B1FA
:10547C0094F83330E1E70195E161DDE701AA006AB8
:10548C00019600F0B5FE00280CDB10D1019D002D1B
:10549C00E9D194F83330D0E70023019900F0CEFD28
:1054AC000028E5D1002002B070BD002070474FF0FD
:1054BC00FF32A169206A00F0BDFE0028E6D1F1E7B9
:1054CC002DE9F04390F8333083B004469D0740F14A
:1054DC00A18091461A070E4600F19580B9F1000F94
:1054EC0000F0288123684D46206AA169D0F8382441
:1054FC0002EA0308C8F30807B8F1000F40F09480E3
:10550C00002900F0D48094F833305B0640F1EC8035
:10551C0090F845C4D4E902320CF1090C013B5FFA56
:10552C008CFC42F1FF32CCF1200E23FA0CF3ACF1DF
:10553C00200C02FA0EFE22FA0CFCE26943EA0E037E
:10554C0043EA0C031344994280F0D5800131A161E8
:10555C0090F845240239D0F82C3491401944B5F513
:10556C00007FC0F08A80B5F5806FC0F0A680012363
:10557C0093406A0AA3EB0803934228BF1346D0F862
:10558C001C228A424FEA432809D35F18BA4206D23A
:10559C00002280F810224FF0FF32C0F81C22D0F805
:1055AC00140232460768BF6AB84798B3434646446C
:1055BC00A5EB0805D4E90072D4E90401DB1942F12A
:1055CC00000298429141C4E9003207D294F833109A
:1055DC0061F07F01C4E9043284F83310002D83D1CB
:1055EC00D4E9020198429141C0F09680534B1B685C
:1055FC00002B00F09D8094F83330484663F07F0315
:10560C0084F833300DE0D0E90423FFF76DF800285F
:10561C007FF464AF94F83230002043F0010384F837
:10562C00323003B0BDE8F08390F8452402394FEADC
:10563C005828D0F82C34914041441944002F8ED076
:10564C00C7F50078012200F50470A84528BFA846CC
:10565C0005F030FE0028DDD0384447444246314640
:10566C0006F0A0FEB7F5007F206A9FD100F504700C
:10567C0005F0F4FD002899D1CCE7626863690092CB
:10568C000193226923689342DDE900239A4112D2E7
:10569C00012200F5047005F00DFE0028BAD02A4650
:1056AC0031463844A84606F07DFE2B467FE7E1697B
:1056BC0049B3A1614CE70522EBE7D0F81C328B42D1
:1056CC0006D1002380F810324FF0FF33C0F81C32A3
:1056DC00D0F81402324603685B6A9847002899D0C8
:1056EC004FF40073984662E704F1180200F080FD55
:1056FC0000288FDB04D12046FFF7CEFA002889D092
:10570C00A169206A24E72046FFF7C6FA002881D059
:10571C00A169206AE1611BE794F833104846C4E99B
:10572C00023261F07F0384F8333003B0BDE8F083BC
:10573C00484676E7D4E9003252E700BF4C260020F9
:10574C0069B170B5054608460C4609F0C1FB2B68DB
:10575C000246214628465B68BDE8704018477047F2
:10576C008368C3F3080383B1002110B40269D154D8
:10577C000133B3F5007FF9D10168D0E903321C681D
:10578C001846636A5DF8044B18470120704700BF48
:10579C0082680346006940F2FF1CC2F30802815480
:1057AC006245586801EB7001986800F10100C3E98B
:1057BC00011001D001207047D868196810B4046832
:1057CC004A1C646A1A601A6923465DF8044B184730
:1057DC0038B58368CAB20D460169C3F3080340F2B9
:1057EC00FF1C0446CA546345416802EB71024260D7
:1057FC00826802F10102826005D0290A2046BDE8C8
:10580C003840FFF7C5BF0168C0684A1C03685B6A73
:10581C002260226998470028EFD138BDF8B50023E3
:10582C00064601601D46C0E90133A8B205F094FE9E
:10583C00A842044607D0C1B23046FFF7A9FF0028A2
:10584C003BD10020F8BD6C1CB4F5803F04D12AE09C
:10585C000134B4F5803F04D0A0B205F07DFEA04227
:10586C00F6D0671BB7F5007F1DD34FF6FF7130469E
:10587C00FFF7AEFF0028E4D0B9B23046FFF7A8FF1F
:10588C000028DED02546B5F5803FCED13046BDE8A8
:10589C00F840FFF765BFC5F3072130460135FFF728
:1058AC0077FF0028CDD0A542E9B23046EBD2FFF706
:1058BC006FFF0028EFD10020F8BDC4F3072130465C
:1058CC00FFF766FF0028BCD00135DCE72DE9F04F6F
:1058DC001F4689B00B680D4604901446C1600261E6
:1058EC000846DB699847B0F5801F0090C0F0D8805F
:1058FC0000230122009E01335200DBB201D09642FC
:10590C00F9D81C2B009640F2B780A3F10B080122AA
:10591C0048FA02F1C8F347088A4002910792013312
:10592C0001225B109A40069204229A4003920222B2
:10593C0002FA03F30193009A0021039B2046029E76
:10594C004FF0010AD31A4FF400724AF6552BF3406C
:10595C0003FA06F90593019E09F0B4F9FF2384F8C4
:10596C00BFA184F8C0A1B14484F8C431224684F8A4
:10597C00C53107230021284684F8C231FE23C4F820
:10598C00C66184F8C3312B68C4F8CA915B6AA4F869
:10599C00FEB19847002863D04FF4007200212046D6
:1059AC0009F090F9009B84F86D804FF00008636655
:1059BC00F421059B04F17800069AE3652023266404
:1059CC0023726372A372EB23A6654646237076237B
:1059DC00C4F848906370902384F86EA0A37045239C
:1059EC00E37058232371462363714123A37154231D
:1059FC00E371042323664FF48073A4F86830092301
:105A0C0084F86C308023C4E9142284F86F304FF48E
:105A1C00C37209F057F9A4F8FEB1A8F16A03012B7F
:105A2C0006D9B8F1700F03D014F8083003EB7606E2
:105A3C0008F10108B8F5007FEFD12B682246DDF89C
:105A4C00049028465B6A4946984748B12B684946FA
:105A5C00224628465B6A0C31CDF80490984740BB2F
:105A6C002FB13B680F22B84938465B68984700262F
:105A7C00304609B0BDE8F08F1A2B4FF0080800F241
:105A8C00A6814FF48043CDF8088001934FF4004376
:105A9C0003934FF4807307934FF4005306934AE734
:105AAC00002FE4D03B681522A84938465B6898471C
:105ABC00D7E742460021204609F1010A09F002F914
:105ACC004AF6552309F1090204F2FF19A4F8FE3134
:105ADC0000239346A04601E018F8013FC14503EBB3
:105AEC007606F9D12B682246514628465B6A9847C0
:105AFC000028B5D02B6822460AF10C0128465B6AB7
:105B0C0098470028ACD00AF101039B4502D09A4675
:105B1C002378DFE74FF40072002120469B4609F002
:105B2C00D1F800220AF1030A1146234601E013F8CA
:105B3C00011F984501EB7606F9D12B682246594690
:105B4C0028465B6A984700288AD02B6822460BF1BE
:105B5C000C0128465B6A9847002881D00BF10101A3
:105B6C008A456AD1231F04F5FE7243F8046F9A42EA
:105B7C00FBD12B68224628465B6A984700283FF4E5
:105B8C006FAF2B680BF10D01224628465B6A9847D4
:105B9C0000283FF465AF2FB13B680C226C493846A6
:105BAC005B689847069A0021019B20460026134407
:105BBC004FF400729946059B4FEA830809F082F86E
:105BCC0023464FF0FF3208F20728F821B7F1000BFB
:105BDC004FEA582A03F8011B4FEA9838C4F8012001
:105BEC0018BF4FF0010BDA605A609A60C3F80F20AF
:105BFC0002E00136B24523D0B6FBF8F308FB136381
:105C0C0043B9BBF1000F05D03B680122514938461E
:105C1C005B6898472B6809EB0601224628465B6AAD
:105C2C00984700283FF41CAF002EE2D131464FF4C8
:105C3C000072204609F046F8DBE78B46217874E7C2
:105C4C00002F34D03B680222434938465B689847A2
:105C5C00059E079A0736F60806F2FF13B2EB532F90
:105C6C004FEA5329FFF4FDAE4FF400720021204699
:105C7C0009F028F807232370B9F1000F00F08A808F
:105C8C004FF0000808E0B8F1000F01D184F8008053
:105C9C0008F10108C1457BD9039A28462B6802EB11
:105CAC00080122465B6A98470028ECD1D8E6059E8D
:105CBC00079A0736F60806F2FF13B2EB532F4FEA9A
:105CCC005329FFF4D4AE4FF400723946204608F045
:105CDC00F9FF07232370B9F1000FD1D1039B079A69
:105CEC0004989918FFF79AFD00283FF4C0AE029A69
:105CFC004FF400739340049A92689A423FF6B7AE01
:105D0C004FF00208029B4FF40072002108FA03F9CD
:105D1C00039B2046994408F0D5FF81220323049964
:105D2C0009F1FF3984F820208222237084F8402066
:105D3C00C4E90D864A684FF00108636562648B689C
:105D4C00A3650023E3650EE02C060020CC050020A3
:105D5C00E4050020E802002008060020079B984577
:105D6C003BD208F101082B6809EB080122462846B2
:105D7C005B6A9847064600283FF472AEB8F1010FF3
:105D8C00ECD14FF400720021204608F09BFFE8E7AD
:105D9C00002FA3D03B681622144938465B689847FD
:105DAC00039B079A04989918FFF738FD00283FF4D5
:105DBC0058AE029A4FF400739340049A92689A4238
:105DCC003FF64FAE0A493846FFF7BAFC98E74FF456
:105DDC008072CDF808800792A1E5002F3FF448AE01
:105DEC0004493846FFF7ACFC42E600BFF40500203E
:105DFC000C0600201C0600202DE9F0410C4615462F
:105E0C0001F11E08AB89284634F8027F1BB9D5E98D
:105E1C0001239A420ED005F08BFA05F09DFB064645
:105E2C00384605F099FB864209D14445EAD1012058
:105E3C00BDE8F081B7FA87F04009BDE8F081002099
:105E4C00BDE8F0812DE9F04F90F8313083B08846F1
:105E5C00002B4FD090F830300746012B53D9013A24
:105E6C000B464FF0020A00248E18DFF8A0B0002277
:105E7C00514638460193FEF7A3FA00283AD002782F
:105E8C00C12A37D1054600F11E09019B35F8020FD6
:105E9C0024B300F5105292B2B2F5806F2AD20BEAFD
:105EAC008424C0F30900204300F5803019463246A3
:105EBC0005F0B4FA0346E8B100244D45E6D10AF1E9
:105ECC00010A97F830205FFA8AFA5245CFD2A3EB39
:105EDC0008009846002388F800300FE000F52052A7
:105EEC0092B2B2F5006F02D30028DFD1EFE7B2F522
:105EFC00806F06D30023184688F8003003B0BDE845
:105F0C00F08F0446D9E70020E4E700BF00FC0F0047
:105F1C0070B50C4600234FF6FF75226819461E46D5
:105F2C00A3812361626017E005F002FAA84222D037
:105F3C0005F012FB2369F203A189013342EA5602F0
:105F4C00060A236152FA80F083B2C0F34E0040EA95
:105F5C00C33016FA80F086B220460029E4D1D4E989
:105F6C0001239A42E0D12069A6820138FE288CBF19
:105F7C000020012070BD002070BD00BF2DE9F84F3E
:105F8C0007468A469146002942D0A1F10208D7F86B
:105F9C003034434542D908F007030125C8F3C80B38
:105FAC009D40EDB246464446D7F82C1400223846A4
:105FBC0001EB143105F07EF9E8B10BF1FF3B8344A2
:105FCC0000F2FF101BF8011F0AE04A452BD0A04538
:105FDC0010D0D7F83054A54214D913F0FF050CD0CB
:105FEC00013429424FEA4503A4EB0602EDD0A0454B
:105FFC002646EED10120BDE8F88F58454FF001053B
:10600C00E0D101E00026344601254FF0000BCBE730
:10601C00D0F82084D7F830344345BCD84FF0000872
:10602C000125C346BEE7BAF1000F04D1B9F1010F47
:10603C0008BFC7F82064B01CBDE8F88F2DE9F84301
:10604C008046881E15461E468318D8F83024934285
:10605C0037D8CEBBD8F82034834288BFC8F8200488
:10606C0000F007030124D8F82C74C0F3C8099C4035
:10607C0007EB1031E4B2012240468F1805F01AF9F3
:10608C00F8B109F1FF3E864400F2FF101EF801CF73
:10609C001CEA040F8CEA040C4FEA440414BF0122DE
:1060AC000022B2420DD0013D8EF800C018D014F081
:1060BC00FF04EDD17045A1464FF00104E6D13946FD
:1060CC00D9E70020BDE8F883D8F820148B42C7D953
:1060DC008142C5D3934228BF0023C8F82034BFE7C0
:1060EC000120BDE8F88300BFF8B5D0F83034013397
:1060FC008B4201D20020F8BD07460C4600F5047611
:10610C00002505E0D7F8303401350133A342F1D333
:10611C00D7F824140022304601EBD41105F0CAF84C
:10612C00A4000028E6D0C4F308040459631CE9D188
:10613C00681CF8BD38B50C460B6890F845C400F5E2
:10614C000470D0F82812023B656803FA0CF329405E
:10615C0003EB5123D0F81C12194405F0ABF818B11D
:10616C006368C3F30803184438BD00BF2DE9F84336
:10617C000C46D0F8383449680B4011446160134424
:10618C0090F8451401F10902D2B2D3402BB38046EA
:10619C005D1E00F5047905E02368013D03F1010360
:1061AC0023601AD3267A002EF6D1D8F83034324632
:1061BC002768484601339F4212D8D8F8241401EBC3
:1061CC00D71105F077F8BF0050B1C7F30807C359D2
:1061DC005A1C09D0013D2360E4D20120BDE8F883AC
:1061EC004FF0FF30BDE8F8833046BDE8F88300BFC0
:1061FC0038B5D0F8303401338B4202D24FF0FF3037
:10620C0038BD0C46D0F82414154600F50470002255
:10621C0001EBD41105F04EF80028EFD0A400C4F324
:10622C00080403595A1C02D001202B6038BD0020F1
:10623C0038BD00BF01291BD938B5D0F830340C4615
:10624C0001338B4201D2002038BDD0F824141546FE
:10625C0000F50470012201EBD41105F02BF8034674
:10626C000028F0D0A4000120C4F308041D5138BD4F
:10627C0000207047D0F830340133994201D9002006
:10628C0070472DE9F04F054683B00C4600F50479B4
:10629C000F464FF00008D5F82414002248464FEA68
:1062AC00D41B01EBD41105F005F890B1A300C3F396
:1062BC000803C2580193531C16BF16464FF0000A30
:1062CC004FF0010A012C04D9D5F830240132944244
:1062DC0003D9002003B0BDE8F08FD5F824140122B7
:1062EC004846594404F0E6FF0028F2D0019B40F8E0
:1062FC000380BAF1000F12D00134B44208D000234D
:10630C00E21B39462846FFF799FE0028E1D03746B4
:10631C00D5F830340133B342DBD33446BBE7621CCF
:10632C00534639462846D21B03B0BDE8F04FFFF761
:10633C0085BE00BF2DE9F84300250646D0F82C1485
:10634C0000F504782C46002240464F1C04F0B2FFA6
:10635C00A8B100F1FF3E04F58059D6F8300405E0F1
:10636C0079B90834844209D24C4516D01EF8011F65
:10637C00FF29F5D1083408358442F5D3401BBDE81C
:10638C00F8830822012319424FEA430C18BF013548
:10639C00013A5FFA8CF3F6D1E3E73946D3E700BF55
:1063AC00F8B500234FF0FF3600F504771546C0F81A
:1063BC004014044641601A46C0F81412194680F87D
:1063CC0044340370C66080F81032C0F81C62384642
:1063DC0004F070FF042D0DD8064658B1BDB16B1EEC
:1063EC0000EB031393F8BE2112F07F0202D193F855
:1063FC00C2310BB90020F8BD00EB05163846D6F8B3
:10640C00B651294604F056FF06460028F2D0052264
:10641C001A49F01C08F0A8FC0028EBD196F86C3057
:10642C00092BE7D1336D01462B44C4F82434736D2A
:10643C00C4F82834B36D2B440125C4F82C34F36D07
:10644C00C4F83034336EC4F8343496F86D20C4F884
:10645C002004204602F1090384F8452405FA03F3CD
:10646C005A1EC4F83C34C4F838242A46FFF786FD7B
:10647C004023284684F84434F8BD00BF3C06002075
:10648C0010B50446D0F83414FFF72EFE94F84534BA
:10649C000933DBB2984010BD70B590F9023082B070
:1064AC000446002B0DDBA56805F1280004F0D6FE90
:1064BC0000283BD16378002043F00103637002B0E5
:1064CC0070BD80680122A169283004F0F3FE002819
:1064DC00F0D0A58805F00F056B0100EB4515C35CEA
:1064EC00E52BE7D023781B0701D5E369EB61236A21
:1064FC0015491A0C6B830E68AA8266B10DF1030262
:10650C000DF1060101A8B047BDF80430BDF8062016
:10651C002B836B82EA82A378A56803F07F0305F1D5
:10652C002800A37004F09AFE0028C3D005F50E7065
:10653C0004F094FE0028BDD0286803681B6A9847B5
:10654C000028B7D0BBE700BF4C260020024638B568
:10655C0052F8105F04468068294602F021F950B1C8
:10656C0055B123690135AB42A37818BF03F0BF03C3
:10657C0063F07F03A37038BDA37843F04003F7E7C3
:10658C00F8B5047814F0200404D11A4B054642697E
:10659C009A4202D300273846F8BDFFF7D7FF0746CB
:1065AC000028F7D0A8682E698279023E416996408E
:1065BC000E440179A9B1214606E008F083FBA868D6
:1065CC00E1B202798A420BD93144052228300134D8
:1065DC0004F070FE4FF4007200210028EDD1D9E7D1
:1065EC0082794FF4007369693846934011FA83F34A
:1065FC006B61F8BD00FE1F0010B5044680680A46AA
:10660C002830A16904F056FE20B1A38803F00F03D3
:10661C0000EB431010BD00BF10B5037804462BB13E
:10662C00FFF73AFF00232370A37010BD0023012055
:10663C002370A37010BD00BF38B5037805460C4617
:10664C0013B1FFF729FFF0B1A8680022A96928301F
:10665C0004F030FEB8B1AA8802F00F0200EB42132E
:10666C0052015D6880589968DA6820606560A160A5
:10667C00E26018695D699969DA69206101206561D8
:10668C00A161E26138BD002038BD00BF30B589B0D2
:10669C000D4614466946FFF7CFFF28B1BDF8102010
:1066AC00BDF80E302A80238009B030BD30B589B0DA
:1066BC000D4614466946FFF7BFFF28B1BDF81820F8
:1066CC00BDF816302A80238009B030BD0B7813F04A
:1066DC00700F01D100207047F0B540F6022389B04D
:1066EC000D46044601F0F0F838B101221023204683
:1066FC00A2702370FFF744FF10B9002009B0F0BD61
:10670C002269237822626BB1636933B1A3780022CA
:10671C0023F02003C4E90422A3702046FFF7BCFE3B
:10672C000028EAD0A0680122A169283004F0C2FD3B
:10673C000028E2D0B4F804C010220CF00F0C4FEA81
:10674C004C1300EB4C1C8CF80B20C058A768236A28
:10675C0097F806E09E1EDCF80410DCF80820DCF844
:10676C000C3006FA0EF6EE46AEE80F00DCF8100020
:10677C00DCF81410DCF81820DCF81C30AEE80F0044
:10678C007B6907F128000122F1184FF02033CDF876
:10679C000130CDF80530ADF8093004F08BFD84469E
:1067AC000028AAD02E27EE468DF800707646BEE85B
:1067BC000F00CCF80000CCF80410CCF80820CCF872
:1067CC000C308DF80170BEE80F00CCF81000CCF83E
:1067DC001410CCF81820CCF81C302B6A1A0CADF81D
:1067EC001A30ADF814200FCECCF82000CCF82410C1
:1067FC00CCF82820CCF82C300FCECCF83000CCF8CC
:10680C003410CCF83820CCF83C30A46804F12800C3
:10681C0004F024FD00283FF470AF04F50E7004F072
:10682C001DFD00283FF469AF206803681B6A09B09E
:10683C00BDE8F040184700BF2DE9F041002694B0A8
:10684C00984603780192ADF814600B96002B41D159
:10685C000B780D4613F0700F3CD013780446164697
:10686C002F2B3BD0002728E0019E3678002E50D0ED
:10687C0001F02AF8034602AA294620462BB9B8F1A2
:10688C00000F27D0FFF722FF20B3A6460DF12C0CEA
:10689C00BEE80F00ACE80F00BEE80F00ACE80F003C
:1068AC00DEF8005020462378CCF800500BB1FFF7EF
:1068BC00F3FD019E0BAD2770A770314601AB02AA08
:1068CC00204601F04DF9064602AA2946002320462F
:1068DC00002EC9D1002014B0BDE8F081013601961C
:1068EC0033782F2BFAD0AD68242200210BA808F0A6
:1068FC00E9F90D95EB79102B03D0202B0FD00C2B35
:10690C00E8D120238DF82C3001230BAD8DF82E30DF
:10691C00A8E702AAFFF7DAFE14B0BDE8F081402325
:10692C00F0E700BF2DE9F041002594B098460378BC
:10693C0001920295ADF83850002B37D10B780E46EA
:10694C0013F0700F32D01378044615462F2B31D02C
:10695C0000271EE0019D2D78002D40D000F0B4FFE3
:10696C00A6460DF1080C08B366462578BEE80F0064
:10697C00ACE80F00BEE80F00ACE80F00DEF800300A
:10698C002046CCF800300DB1FFF786FD019D277035
:10699C00A770294601AB0BAA204601F0E1F8054689
:1069AC000BAA314600232046002DD3D1002014B071
:1069BC00BDE8F0810135019529782F29FAD0A9B9C4
:1069CC00B5682422204608F07DF9A560EB79102BE0
:1069DC0003D0202B22D00C2BE8D120221FE04346E1
:1069EC000BAA00F071FF14B0BDE8F081B668242248
:1069FC00002102A808F066F90496F379102B03D055
:106A0C00202B03D00C2BD1D1202300E040238DF878
:106A1C000830012302AE8DF80A3099E74022012399
:106A2C0022701846A370C2E719B101F58961FFF70E
:106A3C0079BF0846704700BFCB6870B50D46044659
:106A4C0093B906780EB1184670BD8D682422314674
:106A5C0008F038F9A560EB79102B18D0202B10D04A
:106A6C000C2B14D0304670BD2422002108F02AF9DA
:106A7C0001201023A0702370D5E90223A2602362A9
:106A8C0070BD4022012322701846A37070BD2022D5
:106A9C00F8E700BF70B505780DB1002070BD0E464B
:106AAC0004462422294608F00DF9A660F379102B30
:106ABC000BD0202B03D00C2B07D0284670BD4022C6
:106ACC00012322701846A37070BD2022F8E700BF86
:106ADC002DE9F04F2DED028B837883B00546DF074F
:106AEC0040F18C808846017892460E0700F1918027
:106AFC008C0608D583685A894369C3EB42139BB251
:106B0C009A4528BF9A46BAF1000F00F0AF806A6927
:106B1C0005F11003880656464FF0000908EE103AAE
:106B2C00AF68C2F3080B3DD5396A01EB5221BBF1BA
:106B3C00000F51D1B6F5007F4ED37A6B91424BD0FA
:106B4C00B6F5806FC0F082802878730A800605D471
:106B5C003879A0EB0900834228BF034691424FEAE3
:106B6C0043240CD8C818824209D207F12800CDE979
:106B7C00001304F073FBDDE9001300283ED0F86A23
:106B8C00026857694246B847002837D06A69361BF5
:106B9C00A04422446A6169D02978C2F3080BAF681B
:106BAC008806C1D497F8059009EA5229BBF1000F69
:106BBC0036D1B9F1000F33D1002A33D14A064CBF7C
:106BCC003A6A2A6A2A61023AB87979698240494458
:106BDC001144BBF1000FADD0CBF50074002207F1CE
:106BEC002800B44228BF344604F064FB30B100EBFB
:106BFC000B012246404605F0D5FBC7E76B784FF0FA
:106C0C00FF3043F002036B7003B0BDEC028BBDE8A8
:106C1C00F08FC36942699B1A9A4528BF9A4672E75E
:106C2C002A69D0E70B0705D5AA78540602D52A693C
:106C3C000132C7E718EE102A3846296901F0FEFD2B
:106C4C000028DBDB0CD0AF682A69BCE7F86A424647
:106C5C0003681B6998470028D0D04FF4007495E75F
:106C6C002B7813F0700FC9D0AAEB060A504603B06C
:106C7C00BDEC028BBDE8F08F70B582B001220446EA
:106C8C000DF10701D0E90456FFF722FF01280CBFD4
:106C9C009DF807004FF0FF30C4E9045602B070BDF8
:106CAC00436913F4F07F30B5044683B0C3F3431546
:106CBC0009D0012907D120334361A068383000EB9B
:106CCC00451003B030BD01220DF107012046FFF73E
:106CDC00FFFE40B2012803D163691F336361ECE707
:106CEC000020EEE72DE9F04103789AB0002613F06E
:106CFC00180F0896119606D0174683688A680446C2
:106D0C000D469A4203D000201AB0BDE8F081FFF77F
:106D1C00C3FBA6460DF1440CBEE80F00ACE80F0017
:106D2C00BEE80F00ACE80F00DEF800303246A16977
:106D3C00CCF80030A36803F1280004F0BBFA00285B
:106D4C00E1D0A288EC4694F8008002F00F0200EB30
:106D5C00421E5201DEF804108058DEF80C30DEF8CA
:106D6C000820ACE80F00DEF81410DEF81820DEF86E
:106D7C001C30DEF81000ACE80F0018F008033A469F
:106D8C00294640F09B8008A8FFF756FD0028BAD092
:106D9C00109EBDF8243000250E990122A3809DF889
:106DAC002330A068E3700B9B2830A161E3608DF861
:106DBC0020508DF8225004F07DFA0028A3D0A3882F
:106DCC0003F00F0300EB4310DDF80D30C0F80D306D
:106DDC00DDF81130C0F81130DDF81530C0F8153081
:106DEC00DDF81930C0F81930BDF81D30A0F81D3091
:106DFC009DF81F30C3779DF80B30C372002E3BD02B
:106E0C00A068B31E2A46817928308B4050F8141C98
:106E1C00194404F04FFA054600283FF474AF006A99
:106E2C006F46696AAA6AEB6A0FC7286B696BAA6B13
:106E3C00EB6B0FC73146A06801F022FD00283FF430
:106E4C0062AFA068236A82792830023B50F8141C88
:106E5C0093400122194404F02DFA064600283FF411
:106E6C0052AF6D460FCD30627162B262F3620FCDDC
:106E7C0030637163B263F36300210222082311A80B
:106E8C0019918DF846208DF8443000F0D3FE00287F
:106E9C003FF439AFA46804F1280004F0DFF90028AE
:106EAC003FF431AF04F50E7004F0D8F900283FF42C
:106EBC002AAF206803681B6A984725E740F6012330
:106ECC006046FFF72FFD00287FF463AF1BE700BF80
:106EDC000378DA0601D400207047436930B50446C4
:106EEC0083B033B18378002223F02003C0E904225D
:106EFC00837000230FE06361A3686A0138339A5CE6
:106F0C0003EB4513EAB1E52A04D02E2A02D0DB7A32
:106F1C001B0722D5636913F4F07FC3F3431503F108
:106F2C002003E8D101220DF107012046FFF7D0FD27
:106F3C0040B2012803D163691F336361DCE76378D6
:106F4C005BB9A3780822204643F002032270A37099
:106F5C0003B0BDE8304000F06DBE002003B030BD82
:106F6C002DE9F041037804460769002B39D00D4612
:106F7C004169A94242D0002D37D018072AD5E269C1
:106F8C00AA422ED3D4F808C06E1EA2789CF8060034
:106F9C0012F0400F00F10900C0B226FA00F630D111
:106FAC004A1EC24009B196422FD25B064CBFDCF898
:106FBC002030236A236104F1100806E02169013EA8
:106FCC00A06801F03BFC00280BDD4246002EF5D1F9
:106FDC00A2780CE09A06D5D5A3685B89B5EB431F64
:106FEC00F6D900202761BDE8F0818278056122F096
:106FFC00200201206561A270BDE8F0810120BDE88E
:10700C00F081236A33442361F1E7B61AD3E700BF5A
:10701C002DE9F0410E4615460021242204469846DF
:10702C009DF8187007F04EFEB068336A00F1380214
:10703C00A58005F00F0502EB4512C4E90203D17AD5
:10704C000B0711D401F017012170D37A13F0180F2C
:10705C0002D141F00801217008F00303E770012B05
:10706C0038D0022B06D0F3B1002318462370A3703E
:10707C00BDE8F08103232178CD06F5D4CE07F3D4F7
:10708C0008F0080118F4806F43EA0103A370416B08
:10709C00958AA161518B41EA054112D019BB63F06D
:1070AC007F03A37010E018F4806FDDD108F00803A3
:1070BC0043F00103A370416B938AA161518B41EAA8
:1070CC0003412162D369E36118F4804F04D101209C
:1070DC00BDE8F0810223CEE7E1692046FFF740FFCF
:1070EC000028F4D1C0E701F0CBFB0028BCD0A3787A
:1070FC00D5E700BF0378002B45D12DE9F0470B787D
:10710C0084B00C4613F0700F30D04B6913F01F0590
:10711C002CD106469046A94601220DF10F012046BE
:10712C00C3F3431A5F09FFF7D3FC40B24FEA4A128C
:10713C0001281BD16369A1681F3301F1380C63610D
:10714C001CF802200CEB4A1C82B12E2A12D0A2F1A0
:10715C00E500B0FA80F0400960B99CF80B1011F012
:10716C00080E12D00F2907D00546D5E7002004B031
:10717C00BDE8F0870025CFE75106CDD502F01F05FD
:10718C009CF80D90C8E70020704785B10CF10A01FE
:10719C0001E01CF8012F4FEACE13614543EA5E0370
:1071AC0052FA83F35FFA83FEF3D1CE45DED1434628
:1071BC00BAB2214630460095FFF72AFFD7E700BF49
:1071CC0003780BB1FFF768B9012070472DE9F04740
:1071DC000E46017882B009079DF828709DF82C9016
:1071EC009DF830A09DF8348018D5A2F2BC7294B2F0
:1071FC007F2C13D85A1E01930B2A0FD87A1E1E2AE5
:10720C000CD8BAF13B0F98BFB9F1170F06D8B8F1EB
:10721C003B0F03D80546FFF73FF918B9002002B021
:10722C00BDE8F087A8680122A969283004F042F86B
:10723C000028F3D0019B4FEA5802A98847EA431370
:10724C00F70701F00F0142EA4A1243EA442300EB2C
:10725C0041109BB242EAC92248BF4382B40792B2A2
:10726C0008D518F001080382C28118BF4FF06408DA
:10727C0080F80D80710701D50383C282AC6804F1DC
:10728C00280003F0EBFF0028C8D004F50E7003F0C3
:10729C00E5FF0028C2D0206803681B6A02B0BDE875
:1072AC00F047184783789B0727D5036A10B5044627
:1072BC0082B0ABB1016911BB019301621946A068A0
:1072CC0001F0DEFAB0B1A378616963F07F03227834
:1072DC00E161A37022B12046FFF7DEF802B010BDC9
:1072EC00012002B010BD6FF070422169A06801F05E
:1072FC00B7FA68B9002002B010BD00207047002317
:10730C0001AA8068019301F099FA0028F2DBEAD116
:10731C00019B002BD7D0D1E72DE9F04783780546A8
:10732C009C0777D588461907914600F1B5806B69A3
:10733C0013EB09026ED2B9F1000F40D04F464FF05B
:10734C00000AA868C3F308062969447914EA53248F
:10735C003FD1002E3DD100296ED0AA78520676D5A9
:10736C00EA699A4273D901312961023982794369F8
:10737C0091401944B7F5007F53D3B7F5806F70D3A4
:10738C0003797A0A1B1B934228BF1346426B8A422D
:10739C004FEA432407D35E18B24204D24FF0FF32B7
:1073AC0080F828A04263C06A42460668B66AB047B5
:1073BC0080B36B693F1BA04423446B61C1D1EA6964
:1073CC009A4276D2AA784846EB6162F07F03AB70A2
:1073DC0025E0827902394369914019442144002EF9
:1073EC00C8D0C6F500740122BC4228BF3C462830E8
:1073FC0003F060FF70B1304426442246414604F04D
:10740C00D1FFB6F5007FA868D3D1283003F026FF52
:10741C000028CED16B78002043F001036B70BDE8DF
:10742C00F087C6F500746A69EB69BC4228BF3C461C
:10743C009A4205D30522DAE7296A21B3296194E738
:10744C00AB7813F0200F14BF05220122CFE705F112
:10745C00100201F0F3F90028DCDB24D0A8682969BC
:10746C0083E7436B8B4204D14FF0FF3380F828A0A5
:10747C004363C06A424603685B6A98470028C9D0D8
:10748C004FF4007495E72846FFF760F80028C1D048
:10749C002969A868296268E7C169FFF761FD0028BE
:1074AC007FF445AFB6E72846FFF750F80028D5D152
:1074BC00B0E7054B1B682BB1AB78484663F07F03F4
:1074CC00AB70ACE74846AAE74C2600202DE9F04FFC
:1074DC0084468DB01446156898460646894603AF17
:1074EC0001934FF0000EBCE80F000FC7BCE80F0073
:1074FC000FC7DCF8003065603B604346A4F80CE035
:10750C00002B3FD04FF0010AA9EB0A0103A889B266
:10751C004901FFF725FD50B3002103A8FFF7C0FB7D
:10752C00074620B300250DE003F002FF80465846C5
:10753C0004F012F88346404604F00EF8834516D149
:10754C000D2D18D0EAB239463046013500F0E4FE74
:10755C00A38983462046002BE6D1D4E9013293421D
:10756C00E2D1BBFA8BF040090DB0BDE8F08F0020E2
:10757C000DB0BDE8F08F0AF1010A019B5FFA8AFA9F
:10758C005345C1D20120EFE72DE9F04F07468DB0EE
:10759C0016469A460DF10C0C02F1150402F1200569
:1075AC0001914FF000090FCFACE80F000FCFACE802
:1075BC000F003B68CCF800304FEAC91314F8012FC8
:1075CC0043EA5903A54252FA83F35FFA83F9F3D1E4
:1075DC0033684FF000087360A6F80C80BAF1000F06
:1075EC004ED00127019B03A8D91B89B24901FFF793
:1075FC00B7FC002855D0002103A8FFF751FB002849
:10760C004FD0059A574500F1010B4FF0010492F849
:10761C0028304FF0000543F0010382F828304FF07A
:10762C000F030CBF47F040023A46C3724FF0000301
:10763C00027003734FF0000380F80D90438306E053
:10764C00ABF80000013401350BF1020BE4B2B08948
:10765C0018B9D6E901239A4216D0304603F068FED9
:10766C00042DEBB2ECD90A2B02D8ABF80300E9E7F6
:10767C000D2CABF80500E5D10137FFB2BA45B1D2FC
:10768C0001200DB0BDE8F08FB8F1000F06D008F165
:10769C0001084FF6FF705FFA88F8E1E74FF0010838
:1076AC00DEE700200DB0BDE8F08F00BF02464FF0C2
:1076BC00203152F8163B2DE9F043C0F816108646DF
:1076CC0084685160C2F807101A782E2A14BF012062
:1076DC00002003D113F8012F2E2AFBD0611E9942F2
:1076EC000BD90A4602E09342114606D01146013AE4
:1076FC0091F800C0BCF12E0FF5D19C424FF0000563
:10770C0040F2868007260827A946A84606E00133E2
:10771C000A264FF0080910279C425BD91A782E2AAA
:10772C0008BF9942F3D0222A0DD07C2A0BD0A2F1AB
:10773C005B0CBCF1020F06D9A2F12A0CBCF1050FAF
:10774C0021D82D2A1FD002F0C002802A5DD04E45D0
:10775C002FD299422CBF002001200A2E08BF40F0E6
:10776C000100002847D09EF81630202B40D09EF800
:10777C00143001207E21312273448EF81500997546
:10778C00DA75BDE8F083A2F13A0CBCF1050FDAD939
:10779C00A2F1210CBCF15D0FD5D84E45D9D3A2F185
:1077AC00610CBCF1190F28D8203A3D43D2B2EDB28E
:1077BC0001E000205F2209F1010CF144013389F84A
:1077CC0016205FFA8CF2062A914698BF8EF8142088
:1077DC009C42A3D89EF81630202B09D00028C6D086
:1077EC0018EA050F18BF02258EF81550BDE8F08376
:1077FC000020BDE8F0830B468EE7A2F1410CBCF1F2
:10780C00190F98BF47EA0808D5E70133002083E732
:10781C00A846DFE72DE9F84F4FF0620900250F4627
:10782C000446DFF8A0B04FF07E0A91F8148001F105
:10783C001606B8F1030FDBF8003028BF4FF0030831
:10784C002B449DB208F10403DBB205F00F02581E65
:10785C002D09092A02F1370198BF02F13001FA18FB
:10786C00C3B291759845F0D107EB0803002120466F
:10787C0083F816A0FFF774FB01212046FFF710FADE
:10788C0003460B2230469BB193F800C01946BCF15D
:10789C00000F13D0DB7A1B07EED407F0E3F90028B6
:1078AC00EAD109F1FF3919F0FF09C2D1484603E0CA
:1078BC006078B0FA80F04009BDE8F88F0120BDE88F
:1078CC00F88F00BFC02800202DE9F04F2DED028B62
:1078DC008BB0CDE902038B6807930B7813F0700F14
:1078EC0053D0029B1B78002B4FD1136990469A4AB8
:1078FC000E460C33A2FB0323C3F3870298F8153012
:10790C009807049200F0A780571CFFB20023304662
:10791C0019461C460693FFF723FB08F11603A346F2
:10792C00A146A24608EE103A05947569002130462E
:10793C00FFF7B6F9C5F34F15034620B30278E52AD5
:10794C0029D042B3BC4238BF00242E2A2BD090F849
:10795C000BC0BCF10F0F54D01CF0080C23D1B9F1A3
:10796C00000F40F0D5800B2218EE101A07F07AF9B0
:10797C000028DAD198F8153013F0010300F0E480F8
:10798C0001230593D1E7737883B100200BB0BDECD4
:10799C00028BBDE8F08F002C08BFAA46BC4201D276
:1079AC000134E4B212B14FF00009BEE7039B9A0513
:1079BC00EBD503F00303013B012BE6D8002C08BFE9
:1079CC00AA46BC4203D348E0DCB2A74245D0002112
:1079DC003046FFF765F9631C0028F5D17378002B4E
:1079EC00D3D1A74239D9079D05E02B7904EB0314B9
:1079FC00E4B2A74231D93046FEF7C2FD0028F4D1DB
:107A0C00C3E7B9F1000F19D102F01F0B04995945C6
:107A1C008BD112F0400988D0437B89460693BBF189
:107A2C00010F82D1691C4B464246304689B2FFF7A2
:107A3C004DFD002808BF4FF0000976E70BF1FF3B26
:107A4C005FFA8BFB5A45AED1437B069A9342E6D044
:107A5C004FF0000969E7012758E7059B2BB1414618
:107A6C003046FFF7D7FE00288FD0013F4246304604
:107A7C00FBB20AEB03051F46ADB22946FFF784FDA6
:107A8C00002882D069013046FFF76AFA00283FF4DB
:107A9C007CAF00213046FFF703F9044600283FF481
:107AAC0074AF2022002107F00DF9D8F81620D8F871
:107ABC001A302260636098F82030B8F81E20A37248
:107ACC00228198F8153003F018032373234B1B689D
:107ADC00002B3BD00DF123020DF1260109A898478C
:107AEC00BDF824302382BDF82630E3819DF8233085
:107AFC006373079A92F8283043F0010382F8283018
:107B0C00039B2A46314602980097FFF781FA3DE71E
:107B1C00BBF1010F7FF439AF0A3001E013F8012FEC
:107B2C004FEACC11984241EA5C0152FA81F25FFAB9
:107B3C0082FCF3D1069B63457FF427AF4F46039B32
:107B4C0019053FF522AFDBE71F46F8E745F6212381
:107B5C00238223836382CCE74FECC44E4C26002057
:107B6C002DE9F0411F460B7882B00C46202B1546B0
:107B7C0003D114F8013F202BFBD02C60237863B386
:107B8C002F2B2AD04FF00008294E211D204601AA88
:107B9C0003F096FC044670B1019BB3F5803F40D2D4
:107BAC007F2B08F1010831D83C2BD9B229D82129D7
:107BBC0005D81F2909D8002002B0BDE8F081223970
:107BCC00C9B226FA01F1CA07F5D42E2B01D0202B0D
:107BDC001CD123780BB12F2BD7D12B69013BFE2B5A
:107BEC00E9D82378202B03D114F8013F202BFBD0AC
:107BFC002F2BF9D028463C6002B0BDE8F041FFF7CE
:107C0C0055BD5C29D7D005D97C29D4D0C5F81080B6
:107C1C00AC60DEE73E390129F8D8002002B0BDE89F
:107C2C00F08108F10208AC60C5F81080D1E700BF04
:107C3C0001210005F0B500238BB0019383789A07DE
:107C4C0024D5016A054619B1806800F019FEE8B127
:107C5C0001212846FEF7D0FCC0B1421E00F10A0CEF
:107C6C000024E30112F8011F43EA5403944551FA2E
:107C7C0083F3DCB2F5D1E52600230670AF682B70D8
:107C8C0007F12800AB7003F0E9FA10B900200BB033
:107C9C00F0BD07F50E7003F0E1FA0028F6D0386855
:107CAC0003681B6A98470028F0D0EB78002BEED0C5
:107CBC00294601A8FEF7C0FE0028E7D0EB78002B80
:107CCC00E4D0012721E001A8FEF7EAFF7B1CF9B202
:107CDC000028DBD0C27A0F2AD8D102785FFA83FC55
:107CEC009FB202F01F038B42D0D1437BA342CDD174
:107CFC000670A96891F8283043F0010381F8283008
:107D0C0053060DD4EB786345C0D3A98801A8C91BD1
:107D1C0089B24901FFF724F900210028D3D1B5E736
:107D2C00AC6804F1280003F099FA0028AED004F5F1
:107D3C000E7003F093FA0028A8D0206803681B6A21
:107D4C009847A4E72DE9F843DDF82090A2B1054649
:107D5C000C469846571801E0BC420DD02B682046C3
:107D6C0049465E6AC0472146024628460134B04760
:107D7C000028F1D1BDE8F8830120BDE8F88300BFED
:107D8C00486810B50C4630B10B894A8901339BB257
:107D9C009A420B8101D9206810BD03680122034966
:107DAC005B68984700232068238110BDE8020020FF
:107DBC002DE9F04F054687B08846924600214FF4D6
:107DCC000072406A06F07EFF286A28B103680C2214
:107DDC003A495B689847286A6B6A4FF00009EE696C
:107DEC000AF1FF32DFF8E0C0E968ADF814904C1CE2
:107DFC00CDE903304FEA5A13ADF816303368DF6A19
:107E0C00674526D16AB301EB0A07DFF8C0A00AE088
:107E1C002146039A30460134D84700283FD0A74268
:107E2C001ED033680498D3F824B00028F0D0BDF8E5
:107E3C001430BDF8162001339BB29A42ADF81430C1
:107E4C00E6D80368514601225B689847ADF8149058
:107E5C00DEE703AB214630460093194BB847F0B12F
:107E6C00286A20B10368022216495B689847B8F16A
:107E7C00100F4FF0F8016A6A4FF001030CBF042099
:107E8C000C201170FF216A6AD15401339842FAD147
:107E9C00E8696A6A0368E9685B6A984718B9002060
:107EAC0007B0BDE8F08FD5E90231E86919446A6A78
:107EBC0003685B6A984707B0BDE8F08FE4050020C3
:107ECC00F15D000008060020B55D0000E80200200E
:107EDC0038B5436A4FF40075044600212A4618460B
:107EEC0006F0F0FE4FF02031EB22A0F80B50C0F85A
:107EFC0003100346C0F80710902102707620997089
:107F0C000222587094F82B1059734AF65521208D83
:107F1C001A74F822D8815A752269DA61A269A3F819
:107F2C00FE111A6238BD00BF70B504464FF40072E2
:107F3C000021406A06F0C6FE656A2269216805F2D6
:107F4C00BF1003F01BFAA369226905F2C310216864
:107F5C001A44013A03F012FA94F82A204AF65523EF
:107F6C0085F8C2212269E069C5F8C621626AA16957
:107F7C00A5F8FE310368C5F8CA1100215B6ABDE89B
:107F8C007040184770B546694FF4807390F82BE039
:107F9C000446A6F58072456A4360B2FBFEF202F21B
:107FAC00011C4FEA1C214FEA410C81600CF1A1002D
:107FBC0098420ED98033F21AB2FBFEF202F2011192
:107FCC00090A4FEA410C0CF1A1008342F2D3C4E937
:107FDC0001311B1AA2F6F57103F18000B1F5704F57
:107FEC0020614FD20CF1210C8133204602FB0EC2D2
:107FFC00E360B2F5803FA26134BF0423062384F80A
:10800C002A3001232385FFF78FFF08B9002070BDAC
:10801C002046FFF75DFF2922A1684FF0203385F839
:10802C0026204622C5F82F30802085F83620542291
:10803C00C5F82B30C5F83230312385F8382036227C
:10804C00E982412185F8393085F837104FF40071F9
:10805C0085F8240085F83A200F4BE069C5F82730E5
:10806C000368A5F81110626A21695B6A98470028B9
:10807C00CCD062682046E3681021D21ABDE870406B
:10808C00FFF796BE206A0028C0D00368132203496C
:10809C005B689847002070BD87D61200B805002099
:1080AC00F8B546694FF4005390F82BC04FF480425A
:1080BC00A6F58041036142F2090E0446456A42600E
:1080CC00B1FBFCF101F18103DB0983600EEB430092
:1080DC00904240F2B68002F50052B11AB1FBFCF1AD
:1080EC0001F18103DB090EEB43005F008242F2D306
:1080FC00C4E901234FF6F473994240F2978001FBD7
:10810C000C2CA2F500522046D21B92B202F5005361
:10811C0022854D4AE360ACF50053944594BF4FF073
:10812C000B0C4FF00C0CA36184F82AC0FFF7FCFE7B
:10813C0008B90020F8BD2046FFF7CAFEA168292225
:10814C004FF020338020696285F84220542146226A
:10815C00C5F84B3085F840004120C5F84730C5F8CC
:10816C004E30022385F85220332285F854103221E8
:10817C0085F8552085F8530085F85610EB62E069B8
:10818C00324B334A2B630368C5F843205B6A626A3F
:10819C00216998470028CCD0E06921690368063131
:1081AC00626A5B6A98470028C3D04FF400720021C2
:1081BC00606A06F087FDE069264A0368C5F8FC2171
:1081CC0021695B6A0231626A98470028B1D0E06984
:1081DC00216903680831626A5B6A98470028A8D055
:1081EC004FF0FF33E0691C4AC5E97A331B4B2A6018
:1081FC00C5F8E43103682169626A5B6A013198470A
:10820C00002896D0E06921690368626A07315B6ACD
:10821C00984700288DD0A268204694F82B30202156
:10822C0003EB4202BDE8F840FFF7C2BD206A00280C
:10823C003FF47FAF0368132209495B68984700201D
:10824C00F8BD5F0056E700BF0004FB00010006000C
:10825C0087D61200000055AA5252614172724161D8
:10826C00B805002038B504460D68C1610846626245
:10827C00EA692362904700F2FF736061DB0A062B08
:10828C00236024D9102B13D80223B0F5800F84F867
:10829C002B3020462ED2FFF775FE0546206A05B31B
:1082AC0020B103680D2219495B689847284638BDF0
:1082BC00202B23D9402B23D9802B23D9B3F5806FC6
:1082CC0022D9B3F5004F8CBF80234023DDE7206A11
:1082DC0020B1036814220E495B6898470025284694
:1082EC0038BD0028FAD003680F220A495B6898470A
:1082FC00284638BDFFF7D4FE0546CFE70423C4E774
:10830C000823C2E71023C0E72023BEE7980500200E
:10831C0080050020A8050020042A04D801EB4202A5
:10832C00B2F8010070470A2A03D801EB4202908888
:10833C0070470C2A03D801EB4201C8887047002013
:10834C00704700BFF8B504780E467CB114F0600499
:10835C00174607D0012A09D92F22002301200A70C1
:10836C004B70F8BD2146FEF747F918B900231846A3
:10837C003370F8BD0346A446082111E0027B11427C
:10838C0003D00EF1200E5FFA8EFE651CBD42EDD2BD
:10839C000CF1010C06F804E0ECB2BCF10C0F10D09F
:1083AC00BCF1080F11D013F801EBAEF14102192A00
:1083BC00E4D9BEF1200FE8D10CF1010CBCF10C0F8B
:1083CC00EED1002320463355F8BD1A78202AF8D078
:1083DC0010214FF02E0ED8E72DE9F04F00248BB072
:1083EC00037889460194002B55D0C3780646002BA0
:1083FC0058D0014601A89046FEF71EFB00284AD033
:10840C00F078002843D008F1FF38CB464FF0010A32
:10841C00C844B18801A8A1EB0A0189B24901FEF751
:10842C009FFDC0B3002101A8FEF73AFC98B3C37AB4
:10843C000F2B30D103785FFA8AF103F01F038B42C4
:10844C0029D1471C0025042DEBB23FD83B8874BBC7
:10845C0003F5205189B2B1F5006F3ED3A3B1184694
:10846C005946424602F0DAFF8346A0B1002401359A
:10847C0002370D2DE7D10AF1010AF1785FFA8AF380
:10848C001FFA8AFA9942C4D2ABEB0900D9460023F1
:10849C0089F8003003E00023184689F800300BB04F
:1084AC00BDE8F08FFFF74EFF0BB0BDE8F08F03F582
:1084BC00105189B2B1F5806FEDD20A4AC3F30903AA
:1084CC0002EA8420184300F58030C9E70A2B94BFD8
:1084DC00B7F80330B7F80530B9E7B1F5806FDAD2E9
:1084EC001C46C4E700FC0F00FFF776BF2DE9F843EC
:1084FC00DDE90887C3B181460C4615465E1802E0DB
:10850C00C047B44210D0D9F8003021462A4648461C
:10851C001B69984703463A46204629460134002BEE
:10852C00EED11846BDE8F88301231846BDE8F88360
:10853C0010B41468B4F5807FA44628BF4FF4807C37
:10854C0001EB4C00814207D231F8023B13B953685E
:10855C00013353608842F7D8A4EB0C0414605DF827
:10856C00044B704710B41468802CA44628BF4FF0FD
:10857C00800C01EB8C00814207D251F8043B13B9FB
:10858C005368013353608842F7D8A4EB0C04146091
:10859C005DF8044B704700BF2DE9F843C3790446DE
:1085AC000D461746202B59D0102B30D00C2B51D107
:1085BC00027AC1F34E01836900F50E7911FA85F147
:1085CC00A2F1020248468EB2B2FA82F2C1F34621FF
:1085DC00520901EB03085200414602F06BFE0028E1
:1085EC0038D0C6F30806731C865DB3F5007F23D024
:1085FC0018440378EA07E26946EA03234CBF1B09D7
:10860C00C3F30B039A4240D20020BDE8F883027AF0
:10861C00C1F30721836900F50E70A2F1020219441F
:10862C00B2FA82F25209520002F044FE90B16D008F
:10863C0005F4FF75435B25E0227A08F101014846F9
:10864C00A2F10202B2FA82F25209520002F032FE98
:10865C000028CED14FF0FF30BDE8F883027A816953
:10866C0000F50E70A2F1020201EBD511B2FA82F202
:10867C005209520002F01EFE0028EBD0AD0005F4AA
:10868C00FE754359E2699A42BED301203B60BDE8B6
:10869C00F88300BF2DE9F843C37905460C4616460E
:1086AC00202B48D0102B2DD00C2B41D1C1F34E01D7
:1086BC00836900F50E7911FA84F11FFA81F8C1F380
:1086CC004621CF18037A4846022B394614BF0122A3
:1086DC00032202F0EFFD58B314F00104C8F30803B1
:1086EC003FD0C25C02F00F0242EA0612C2540133C0
:1086FC00B3F5007F3AD0C6F30712034401201A7079
:10870C00BDE8F883027AC1F30721836900F50E7086
:10871C00022A194414BF0122032202F0CBFD0346A6
:10872C0030B16400012004F4FF741E53BDE8F883DB
:10873C000020BDE8F883037A816900F50E70022BE6
:10874C0001EBD41114BF0122032202F0B3FD034646
:10875C000028EDD0A400012004F4FE741E51BDE8E5
:10876C00F883C6540133B3F5007F15D12B7A791CED
:10877C004846022B14BF0122032202F09BFD034644
:10878C000028D5D0C6F30712002CB7D1197821F0E8
:10879C000F0141EA1212B1E7C6F307120344F5E7E1
:1087AC002DE9F041C46882B005460E468C429046D5
:1087BC0040D301270134EB6901AA2846A34205D214
:1087CC009FBBEC6801273C44A3422ED3A64218BFA2
:1087DC00012C214629D9FFF7DFFE002825DBE9D043
:1087EC00019B002BE6D107B1EC60EB69A3421CD3D3
:1087FC006FF0704221462846FFF74CFF0746A0B1A8
:10880C003EB96B6A002B01DB013B6B62C8F8004080
:10881C000CE0012E09D0EB699E4206D83146224667
:10882C002846FFF737FF0028EBD10027384602B067
:10883C00BDE8F0810C460027BCE700BF01290CD92C
:10884C0010B4C4698C4203D35DF8044BFFF7A4BE8B
:10885C004FF0FF305DF8044B70474FF0FF3070471E
:10886C0001290BD910B4C4698C4203D35DF8044BB5
:10887C00FFF710BF00205DF8044B704700207047D5
:10888C0070B5054682B00C461DE0EB699C421FD8C2
:10889C00FFF782FE064621460022002E284617DBF3
:1088AC00EB699C4214D8FFF7F5FE621E80B16B6A2F
:1088BC00002B03F10103A8BF6B62EB68A342019C80
:1088CC0088BFEA602EB1012C214601AA2846DCD8CB
:1088DC00002002B070BD00BF2DE9F0470646406A8B
:1088EC0084B000281BDAF2790C2A1BD1F7697B1CA7
:1088FC00022B40F2CD8002240025214602AA3046EC
:10890C00FFF74AFE002804F1010306DB57D1A7420A
:10891C001C465CD0F2699342EFD94FF0FF3004B0A3
:10892C00BDE8F087F169002096F8383201313469DE
:10893C00DB07CDE9021000F1858000214FF0FF33F9
:10894C00202A06F5127786F83812C6F8443242D03F
:10895C00D6F800804F4BD8F80020D6F818A09569AF
:10896C009D4278D1002C00F082800AEB0409136937
:10897C0051463A46404698470028CED00299B1F568
:10898C00807F8E4628BF4FF4807E07EB4E0CBC4593
:10899C000BD9039D3B46002233F8024B0CB9013531
:1089AC0002469C45F8D802B103950AF1010AA1EBE5
:1089BC000E01D14502915AD0D8F80020D7E7029A7F
:1089CC00002AA4D1A74205F101051C46A2D12846D4
:1089DC0004B0BDE8F087D6F800A02E4BDAF80020E2
:1089EC00D6F8189095699D4246D1002C3FD009EBE2
:1089FC000408136949463A465046984700288CD0DB
:108A0C00DDF808C0BCF1800FE64628BF4FF0800EA1
:108A1C0007EB8E02BA420BD9039D3B46002153F85B
:108A2C00044B0CB9013501469A42F8D801B10395B3
:108A3C0009F10109ACEB0E03C845029317D0DAF823
:108A4C000020D6E706F50E7002F008FC00283FF473
:108A5C0064AFF27971E7234602AC3A465146019471
:108A6C0040460D4C0094A84700283FF456AF03989D
:108A7C00706204B0BDE8F087234602AC3A46494622
:108A8C0001945046054C0094A8470028EFD144E7C8
:108A9C00002044E75D650000A1650000D56500007D
:108AAC0070B500230446154601204FF0FF3204F147
:108ABC0028062160E371E060E162C4F83C1284F89E
:108ACC00283084F838326263C4F84422CDB1042DC6
:108ADC0001D9002070BD1A461946304602F0EAFB57
:108AEC006FF0704300F5DF722B441D0102EB031392
:108AFC000028EED019790029EBD0525D5206E8D14E
:108B0C009D6800222946304602F0D4FB0028E0D0B4
:108B1C00B0F80B30B3F5007FDBD1037C5A1E237207
:108B2C00012AD6D8417B4B1E0129217163714FF06C
:108B3C000003A37144D0012252000133D2B2DBB244
:108B4C00914204D0082BF7D10020A37170BD1E46B2
:108B5C00A371C18A216109B9416A2161C289B0F846
:108B6C0011302A4463815B01A26190F810C003F2BA
:108B7C00FF1301FB0C2202EB53232262B0F81320EB
:108B8C00636102B9026AED1AAB18F3405A1CE26138
:108B9C004FF0FF32626240F6F47293420CD94FF6FA
:108BAC00F47293420AD9C26A202322620120E37133
:108BBC002163C4F8401270BD0C23F7E71023F5E7CE
:108BCC001E46C6E7F8B500268F6B0D460446C0E975
:108BDC000E669FB10146242000F0DCF806808670FA
:108BEC008446AD6BA0630FCDACE80F000FCDACE8A5
:108BFC000F002B68CCF800302046F8BDCB6B002B57
:108C0C00FAD00146382000F0C5F880F8317047865C
:108C1C000246EB6BE06303F130071E68103353F828
:108C2C000C5C103253F8080C53F8041CBB4242F88D
:108C3C00106C42F80C5C42F8080C42F8041CECD1A5
:108C4C001B6820461360F8BD10B50446806B10B14C
:108C5C00FDF7E2FC30B9E06B10B1FBF7CFFB20B9AC
:108C6C00002010BD0023A36310BD0023E36310BDDF
:108C7C00002952D02DE9F0410446806B0D46174671
:108C8C001E4610B1FDF7C8FCA0BBE06B10B1FBF7A2
:108C9C00B5FBB8BBD5F88084B8F1000F11D02146D4
:108CAC00242000F077F8334600263A46068086707A
:108CBC00A063D5F88014FDF7B7FE58BBA063BDE8E0
:108CCC00F081D5F8843493B12146382000F062F855
:108CDC00334680F831803A46A0F83280E063D5F80C
:108CEC008414FBF7BFFFA8B9E063BDE8F081002056
:108CFC00BDE8F0810023D5F88084A363B8F1000FA0
:108D0C00CDD1DEE70023D5F88084E363B8F1000F02
:108D1C00C5D1D6E70120BDE8F0810020704700BF27
:108D2C00F8B50446806B0D46174610B1FDF774FC80
:108D3C0038BBE06B10B1FBF761FB38BBAE6B76B1A7
:108D4C002146242000F026F800213A46018081704B
:108D5C00A063A96BFEF7CEF988B9A063F8BDE86BE8
:108D6C000028FBD02146382000F014F83A4680F851
:108D7C0031604686E063E96BFBF77CFF20B1012094
:108D8C00F8BD0023A363D9E7E063F8BD0023E363D8
:108D9C00D4E700BF084670472DE9F0410026044691
:108DAC009846C0F88814C0F8806401464FF490606F
:108DBC001746FFF7EFFF424680F84464054680F8FB
:108DCC007964A0F87A64C4F88404D4F88814FDF7A4
:108DDC00E7FAA0BB0026214640F26C40C4F884643C
:108DEC00FFF7D8FF0223C6714246A0F84864054637
:108DFC0080F84A640372C4F88004D4F88814FFF72E
:108E0C004FFE38B900231A4A18461360C4F8803450
:108E1C00BDE8F08105F589663046FDF7FDFB294676
:108E2C003046FDF737FE0028ECD0124B1A68AAB971
:108E3C001D600F4BAFB101201C60BDE8F08105F542
:108E4C0089663046FBF7DAFA29463046FBF704FB15
:108E5C000028BFD0084B1A68002AE9D0044B002F19
:108E6C00E9D11A68002AE6D00120BDE8F08100BFE4
:108E7C00882600208C2600205426002070B5002562
:108E8C004FF47A760446456005738660C0E9125546
:108E9C00034D40F8105BFFF7EBFE204670BD00BFA2
:108EAC00E40700204FF0FF30704700BF407C704754
:108EBC00007D7047407D704701207047007F7047F0
:108ECC002DE9F0471E46C37C05460C46022B914605
:108EDC00089F28D02B68214628461B6E984798B1CE
:108EEC00AC61B9F1000F12D004EB090801E0A04508
:108EFC000DD039462046B0472B6801462846DB6D1D
:108F0C00013498470028F2D10020BDE8F087AB6906
:108F1C00287F4B44AB610028F7D12B6828465B6E49
:108F2C00BDE8F047184783698B42D3D1D9E700BF1E
:108F3C00704700BF043002F03DB900BF10B50446C5
:108F4C00202103F0CBFA204610BD00BF2DE9F041E3
:108F5C001F46C37C05460E46022B144624D02B68B4
:108F6C00314628461B6E984778B1AE6187B1002612
:108F7C0001E0B7420CD02A68214628460136D26D52
:108F8C0004F5007490470028F3D10020BDE8F0816F
:108F9C00AB69287F3B44AB610028F7D12B6828468E
:108FAC005B6EBDE8F041184783698B42D7D1DDE792
:108FBC002DE9F041204E074600F10408356805F50F
:108FCC001675ADB203E03368EB1A1B0410D440469F
:108FDC0002F0F4F8FF280446F5D1FD21404602F0DA
:108FEC000BF9BB7CCBB900230120FB74BDE8F081ED
:108FFC001E23B87C7B740028F8D0387C012102F049
:10900C0009F8FF21404602F0F7F8404602F0AAF8B2
:10901C0000231846BB74BDE8F0810121387C01F0B7
:10902C00F9FF2146404602F0E7F8404602F09AF874
:10903C000023BB74D7E700BFC02800202DE9F04106
:10904C00C37C012B35D0867C04464EB1043002F033
:10905C00B5F8B0F1FF0518BF01252846BDE8F08131
:10906C00071D4FF00108384602F05EF83146207CAF
:10907C0001F0D0FFFF21384602F0BEF8384684F8E4
:10908C00128002F09BF8A37CB0F1FF0518BF0125FC
:10909C00002BE2D04146207C01F0BCFFFF2138467A
:1090AC0002F0AAF8384602F05DF82846A674BDE82E
:1090BC00F08100252846BDE8F08100BF2DE9F8437A
:1090CC00204F0446884691463D68061D05F5967569
:1090DC00ADB203E03B68EB1A1B040DD4304602F032
:1090EC006DF8FF282075F5D0FE281AD01823A07C27
:1090FC00637430B9BDE8F8831D23A07C6374002829
:10910C00F8D0207C012101F085FFFF21304602F0D0
:10911C0073F8304602F026F800231846A374BDE815
:10912C00F8834A464146304602F054F8207538B967
:10913C00304602F043F8304602F040F80120D9E7FF
:10914C002523D4E7C0280020F0B5002783B00C21DC
:10915C0004463A46C77400F05BF8B0B9A67C1EB959
:10916C000126304603B0F0BD05460121207C01F0FC
:10917C0051FF201DFF21019002F03EF8019801F0F3
:10918C00F1FF3046A57403B0F0BD0923A67C6374CF
:10919C00002EE6D0251D207C01213E4601F03AFF31
:1091AC00FF21284602F028F8284601F0DBFF304664
:1091BC00A77403B0F0BD00BFC27C022A03D0012A01
:1091CC0004D00120704703685B6E1847FFF7BCBFE3
:1091DC0038B503680D460D4904461A6A8A420CD10B
:1091EC00C27C022A04D0012A0BD00120257738BD7D
:1091FC005B6E98470028F8D138BD90470028FBD00B
:10920C00F3E7FFF7A1FF0028F6D0EEE72972000084
:10921C002DE9F041036882B00F46354901920646AC
:10922C001A6A8A425ED1C27C022A41D0012A5BD0E2
:10923C00B47C002C47D0351D0C2F11D0DFF8B48036
:10924C00D8F8004004F59674A4B204E0D8F80030C5
:10925C00E31A1A0434D4284601F0B0FFFF28F5D1E4
:10926C000DF1040802AC47F04001284601F0C4FFA0
:10927C0014F8011D284601F0BFFFA045F8D1002FBE
:10928C0028464FF00A040CBF9521872101F0B4FF4A
:10929C00284601F093FF2846013C01F08FFF03069E
:1092AC00A4B2307501D5002CF5D102B0BDE8F08127
:1092BC005B6E98470028BBD1FF2002B0BDE8F0815F
:1092CC00002FCDD0F8E7351D284601F02DFF2146A3
:1092DC00307C01F09FFEFF21284601F08DFF012319
:1092EC00B374A9E79047E5E7FFF72EFFE2E700BF6D
:1092FC0029720000C02800202DE9F04788B00546EF
:10930C004FF00008174601AC2E1D85F8128085F829
:10931C00118085F8158084E80E009DF804002874EF
:10932C0001F074FE0121287C01F074FE6C490723C6
:10933C00C5E9021394E8070005AB83E80700304643
:10934C000ECB01F0FBFEAC7C85F81380002C67D0B3
:10935C000A240121287C01F05DFEFF21304601F03A
:10936C004BFF611E11F0FF04F7D121460A24287C23
:10937C0001F050FE002228461146FFF749FF012854
:10938C0004F1FF3304460AD013F0FF04F2D1012399
:10939C00A87C6B74002851D108B0BDE8F0874FF45D
:1093AC00D57208212846FFF733FF420757D56C7555
:1093BC002B68DFF830A19B6D534561D1687DA0F11E
:1093CC000204DFF82491B4FA84F4D9F8003064096B
:1093DC0003F5FA68A4071FFA88F805E0D9F80030FD
:1093EC00A8EB03031B0449D4372100222846FFF7BE
:1093FC000FFF224629212846FFF70AFF0028EDD14E
:10940C002B689B6D534565D1687D022849D0AB7C98
:10941C00CBBB07230120C5E9027308B0BDE8F08778
:10942C00304601F081FE2146287C01F0F3FDFF213E
:10943C00304601F0E1FE0123AB7489E7287C012161
:10944C0001F0E8FDFF21304601F0D6FE304601F078
:10945C0089FE00231846AB7408B0BDE8F0870223E0
:10946C0004246B75304601F0A9FE631E287513F0B9
:10947C00FF04F7D1AA289BD0062389E7172387E797
:10948C00284698479BE70121287C01F0C3FDFF216A
:10949C00304601F0B1FE304601F064FE0023AB749F
:1094AC00B7E700223A212846FFF7B2FEA8B93046AA
:1094BC0001F084FE00F0C000C02801D103236B75BD
:1094CC00304601F07BFE304601F078FE304601F06C
:1094DC0075FE9CE72846984797E7122358E700BF8C
:1094EC00801A0600256F0000C0280020F8B5002265
:1094FC000D463A210646FFF78BFEE0B9371D2C1DB1
:10950C00384601F05BFE04F8010DA542F8D1B47C9D
:10951C0014B901242046F8BD307C012101F07AFDFC
:10952C00FF21384601F068FE384601F01BFE00238F
:10953C002046B374F8BD1223B47C7374002CE9D0AC
:10954C00341D307C012101F065FDFF21204601F026
:10955C0053FE204601F006FE00231C46B374204641
:10956C00F8BD00BF70B5164682B000220446FFF766
:10957C004FFEB0B11B236374A07C08B902B070BD60
:10958C00251D207C012101F045FDFF21284601F01D
:10959C0033FE284601F0E6FD00231846A37402B002
:1095AC0070BD0546102231462046FFF787FD002886
:1095BC00E2D0A67C002EE1D0207C012101F02AFD16
:1095CC00201DFF21019001F017FE019801F0CAFD4A
:1095DC003046A57402B070BD0368254ADB6C93421B
:1095EC0000B585B00FD16A460921FFF7BBFF38B132
:1095FC009DF8003013F0C00308D0402B27D000207A
:10960C0005B05DF804FB69469847F0E79DF8093012
:10961C009DF80A2003F003039DF806109DF807003F
:10962C005B0001F0030180009DF808C043EAD213EF
:10963C009DF8052040EA812002F00F0240EA9C10C0
:10964C0013440130073B984005B05DF804FB9DF8CE
:10965C0009009DF8073001309DF8082003F03F0306
:10966C0000EB034000EB0220800205B05DF804FB28
:10967C00057A000003680A4630B59B6D83B0164D21
:10968C000446AB4224D1407D03284FF01201204602
:10969C0018BF5202FFF7BCFD20B901231846E37432
:1096AC0003B030BD0C23A07C63740028F8D0251DBA
:1096BC00207C012101F0AEFCFF21284601F09CFD2D
:1096CC00284601F04FFD00231846A37403B030BDAB
:1096DC0001919847019AD7E7256F0000F8B5144619
:1096EC00C27C06460D46012A1F4602D183698B4275
:1096FC0005D029463046FFF7BDFF80B1B56187B173
:10970C00002501E0AF420CD021464FF400723046E8
:10971C00013504F50074FFF7D1FC0028F2D10020CC
:10972C00F8BDB369307F3B44B3610028F8D13046B3
:10973C00BDE8F840FFF708BD2DE9F84F9B46C37C08
:10974C0006460C46012B1546DDF82890DDF82C80DA
:10975C0002D183698B4205D021463046FFF78AFF40
:10976C00B0B1B461BBF1000F15D004EB0B0A02E0F1
:10977C00C847A2450FD04FF4007229463046FFF778
:10978C009DFC07464246204629460134002FEFD166
:10979C000020BDE8F88FB369307F5B44B3610028CB
:1097AC00F7D13046BDE8F84FFFF7CEBC03682DE982
:1097BC00F0415F69164B9F421FD1C37C04460D4696
:1097CC001646012B02D18369994205D029462046C1
:1097DC00FFF750FF70B1A5614FF40072314620467F
:1097EC00FFF76CFC30B1A369207F0133A36148B152
:1097FC00BDE8F0810020BDE8F081BC460123BDE846
:10980C00F04160472046BDE8F041FFF79DBC00BF2A
:10981C004D77000003680A4630B59B6D83B0164D3A
:10982C000446AB4224D1407D03284FF01901204659
:10983C0018BF5202FFF7ECFC20B902230120E3749D
:10984C0003B030BD0E23A07C63740028F8D0251D16
:10985C00207C012101F0DEFBFF21284601F0CCFC2D
:10986C00284601F07FFC00231846A37403B030BDDA
:10987C0001919847019AD7E7256F000003682DE9FD
:10988C00F043DB6C1746414A85B004460E469342C2
:10989C0045D16A460921FFF765FE0546B5B19DF82D
:1098AC000A305A0618D5637D032B01D076027F024D
:1098BC00324620212046FFF7ABFC28B93A4621213D
:1098CC002046FFF7A5FC70B326236374A57C9DB9D5
:1098DC00284605B0BDE8F08303F03F039DF80B204C
:1098EC005B0043EAD2137A1C32431342DBD02723AA
:1098FC00A57C6374002DEBD0251D207C012101F08B
:10990C0089FBFF21284601F077FC284601F02AFC50
:10991C0000231D46A374284605B0BDE8F0836946B4
:10992C0098470546BAE7024626212046FFF770FC09
:10993C000028C9D1DFF8588042F2107704F10409ED
:10994C00D8F800301F44BFB204E0D8F80030FB1A3E
:10995C001B0417D4484601F031FCFF280646F4D10D
:10996C00A37C002BB4D00121207C1D4601F052FBBE
:10997C003146484601F040FC484601F0F3FB002319
:10998C00A374A5E728236374A0E700BF057A000041
:10999C00C028002070B5002282B00E460921044672
:1099AC00FFF736FCB0B11B236374A07C08B902B07E
:1099BC0070BD251D207C012101F02CFBFF212846C8
:1099CC0001F01AFC284601F0CDFB00231846A374C5
:1099DC0002B070BD0546102231462046FFF76EFBE3
:1099EC000028E2D0A67C002EE1D0207C012101F0E1
:1099FC0011FB201DFF21019001F0FEFB019801F0ED
:109A0C00B1FB3046A57402B070BD00BF70B500222A
:109A1C0082B00E460A210446FFF7FAFBB0B11B23B5
:109A2C006374A07C08B902B070BD251D207C012197
:109A3C0001F0F0FAFF21284601F0DEFB284601F088
:109A4C0091FB00231846A37402B070BD054610228A
:109A5C0031462046FFF732FB0028E2D0A67C002ED0
:109A6C00E1D0207C012101F0D5FA201DFF210190CD
:109A7C0001F0C2FB019801F075FB3046A57402B0F1
:109A8C0070BD00BF70B5051D16460446284601F092
:109A9C00B3FB4FF400723146284601F0B7FBFF21AF
:109AAC00284601F0A9FBFF21284601F0A5FB28461A
:109ABC0001F084FB00F01F032075052B04D020233C
:109ACC00A07C637410B970BD012070BD207C012195
:109ADC0001F0A0FAFF21284601F08EFB284601F088
:109AEC0041FB00231846A37470BD00BF2DE9F04163
:109AFC00174D06460F4600F104082C6804F5167441
:109B0C00A4B203E02B68E31A1B040CD4404601F00A
:109B1C0055FBFF28F6D13A46FC213046FFF7B2FF41
:109B2C0018B1BDE8F08124237374B07C0028F8D000
:109B3C00307C012101F06EFAFF21404601F05CFB04
:109B4C00404601F00FFB00231846B374BDE8F081CA
:109B5C00C0280020036870B59B6D1646224A82B05F
:109B6C0004460D4693423CD1407D03284FF018012A
:109B7C00204618BF6D022A46FFF74AFB0546B0B1D6
:109B8C000D236374A07C08B902B070BD251D207C28
:109B9C00012101F03FFAFF21284601F02DFB284658
:109BAC0001F0E0FA00231846A37402B070BD3246EF
:109BBC00FE212046FFF766FF0028E3D0A67C002E8E
:109BCC00E2D0207C012101F025FA201DFF2101901B
:109BDC0001F012FB019801F0C5FA3046A57402B0F1
:109BEC0070BD9847C1E700BF256F000010B4047F1B
:109BFC0034B104680123A46AA4465DF8044B6047A1
:109C0C005DF8044BFFF7A6BF10B584B004460DF108
:109C1C00040C8CE80E009CE80E00FFF76DFB20B1E5
:109C2C009DF8053003F00103237704B010BD00BF8D
:109C3C00002070470020704700207047704700BF1D
:109C4C00084B0021084A094810B499631C6B146036
:109C5C0012685DF8044B1A639A6C22F081029A64C4
:109C6C000170704700002C403C260020E6280020A4
:109C7C00034B586A80F08070C0F30060704700BFDF
:109C8C0000002C40014B1878704700BFE6280020DC
:109C9C002B4A2C4B526AD3F800312B49C2F3C22207
:109CAC0003F03F03013270B5284C4FF47A75A4FBD6
:109CBC00034305FB00F09B08B1FBF3FEBEFBF2FE79
:109CCC00B0EB1E1F35D201231E465B001A01BEFBF2
:109CDC00F2F2824201D9FF2BF6D9BEFBF3F2360227
:109CEC0090422AD24FEA430C012200E0A4461546CA
:109CFC0003EB0C040132BEFBFCF1814217D9102A94
:109D0C00F4D1F0254FF47A731149124A03FB0CFC81
:109D1C00BEFBFCF30B60104BD16A0B402B4333435F
:109D2C0043F46023D362536A1B07FCD570BD2D012D
:109D3C00E8E7724600260123D2E79C460025E1E7BE
:109D4C0000C00F4000800D4000EC695EABAAAAAACF
:109D5C001825002000002C400F00F0FF014B187854
:109D6C00704700BFDC150020014B1868704700BF1E
:109D7C003C26002010B4074C8C460FCCCCF80000CD
:109D8C000120CCF80410CCF80820CCF80C305DF88D
:109D9C00044B70471026002010B4074C8C460FCC97
:109DAC00CCF800000120CCF80410CCF80820CCF83A
:109DBC000C305DF8044B704720260020024B01202C
:109DCC001B680B60704700BF30260020704700BF37
:109DDC0010B504460C2102F081FB204610BD00BFDB
:109DEC00044B1B7823B1044B18780230C0B2704777
:109DFC0001207047E3280020E4280020184B1A7833
:109E0C0012F0C0020FD0402A01D000207047587ABF
:109E1C00DA79197A013002F03F0300EB034000EBD2
:109E2C000120800270475A7A9979D87902F003029E
:109E3C0093F808C001F003018000520040EA812031
:109E4C0000B593F80AE040EA9C105B7942EADE1216
:109E5C00013003F00F031344073B98405DF804FBFB
:109E6C0020260020404A0520404938B5D2F8004150
:109E7C003F4B44F080043F4DC2F80041D2F8004102
:109E8C0024F03F04C2F80041D2F8004144F0180419
:109E9C00C2F80041D2F8004124F08004C2F800411D
:109EAC00D3F8802042F00C02C3F880205A6A22F4C6
:109EBC0060525A62DA6942F48032DA615A6A42F4C8
:109ECC0000625A62C1F8CC01C1F8D001C1F8BC01E2
:109EDC00C1F8C001C1F8C401C1F8C801AA6C264B75
:109EEC0042F00042AA64EA6A1343EB62EC6A14F093
:109EFC008074FBD14FF4C870FFF7CAFE1B4B47F2BE
:109F0C00B80241F2B801C3F8CC411C48C3F8D041A7
:109F1C00C3F8BC41C3F8C041C3F8C441C3F8C8413D
:109F2C00C3F8BC23C3F8C023C3F8AC23C3F8B013E5
:109F3C00C3F8B4231249C3F8B823124B6863C1F8B1
:109F4C00F8314FF0E0234FF480420F49602081F844
:109F5C006E00C3F80C21EB6A064A43F00063EB6217
:109F6C00D36A1B01FCD438BD00800D4000801F401B
:109F7C0000C00F4000002C40008000010B007F113E
:109F8C0000180020B17C000000E400E02DE9F04155
:109F9C0002F062F9174E184D0746DFF8748004E0A2
:109FAC0002F05AF9C01B40451BD8346B2C40F7D03B
:109FBC00124A0021124B1170326B1A601968114A47
:109FCC0031631B68134209D00F491F240F4B40F219
:109FDC007A2200200C701A60BDE8F0810120BDE8E7
:109FEC00F081064A064B1470326B1A601B6833639F
:109FFC00EAE700BF00002C4002007F11E52800209A
:10A00C003C26002000007F11DC150020EC250020F0
:10A01C0040420F002DE9F843264C0F462378002BC5
:10A02C0038D1254B5A6AD2052BD5234DDFF89480B5
:10A03C00AB6A43F48033AB6202F00EF9064604E0DF
:10A04C0002F00AF9801B40452AD86B6A13F4806928
:10A05C00F6D007F13C0C184807F50F77436A5B05FF
:10A06C00FCD5ACF1400353F8042F9C450262FAD1A5
:10A07C000CF1400CBC45F1D1012318462370BDE80E
:10A08C00F8839A6A22F480329A629A6A42F4003215
:10A09C009A62CAE7FFF77AFF0028C2D1BDE8F883BD
:10A0AC0006492124064B4FF47E7248460C701A6008
:10A0BC00BDE8F883E528002000002C40DC150020CA
:10A0CC00EC25002040420F002DE9F0410746884660
:10A0DC001F4C02F0C1F81F4E054604E002F0BCF81C
:10A0EC00431BB34224D8636AD907F7D4BB02C4F824
:10A0FC00088020D427F0FF03154C174EE36002F0C4
:10A10C00ABF8144F054604E002F0A6F8401BB84229
:10A11C000ED8236B3342F7D0226B104B1A601A689F
:10A12C0022631A68D20703D51B6813F4702F0BD067
:10A13C000020BDE8F081A26CFBB222F0FF02A26409
:10A14C00A26C1343A364D5E70120BDE8F08100BFE6
:10A15C0000002C4040420F0001000F003C26002064
:10A16C00154B30B50D4685B01968FFF7ADFF08B338
:10A17C00124B05F10F041A69009259690191996902
:10A18C000291DB690393002301E05EF8102C03F0CD
:10A19C00030C01334FEACC0C23F0030E0F2B22FAE5
:10A1AC000CF20EF1100104F8012D0DEB010EECD1A7
:10A1BC000023EB7305B030BD3426002000002C408A
:10A1CC0010B5037ADB0705D5154B1B68B3B1BDE899
:10A1DC0010401847134B1B783BB9134B5C6A84F047
:10A1EC008074C4F30064204610BD0F4B0F4C1B6BE6
:10A1FC001C40B4FA84F46409204610BD0C4B1C7846
:10A20C00002CF0D00B4B0C481968FFF75DFF0028B1
:10A21C00E9D0054B1C6984F48074C4F30024E2E794
:10A22C0038260020E528002000002C4002007F1179
:10A23C00E22800203426002000001A0D08B5044B3B
:10A24C0004481968FFF740FF08B1034B186908BDB3
:10A25C003426002000001A0D00002C4008B5074BD6
:10A26C0007481968FFF730FF30B1064B186980F4C6
:10A27C008070C0F3002008BD012008BD34260020EA
:10A28C0000001A0D00002C402DE9F047294B89469F
:10A29C00DFF8C0A0284ECAF8003001F0DDFF274DD2
:10A2AC000446DFF8B480264F06E001F0D5FF001B12
:10A2BC00B84229D803F044FC31682846FFF704FF64
:10A2CC000028F2D0D8F81030DB05EED500234FF47F
:10A2DC000072CAF80030D8F8283023F48033C8F85C
:10A2EC002830184BC8F804201B78CBB149461648C7
:10A2FC00FFF7EAFE30B915490E24154B40F25742D0
:10A30C000C701A60BDE8F087104A0A210020104B2F
:10A31C00117040F24B42CAF800001A60BDE8F08799
:10A32C004FEA492908484946FFF7CEFE0028E9D1F3
:10A33C00E1E700BFCD8200003426002000001A0D9A
:10A34C0040420F00E428002020003A19DC150020C0
:10A35C00EC2500203826002000002C402DE9F0418F
:10A36C00254C00212548A36A23F48033A362FFF710
:10A37C00ABFE054648B922490920224B40F23D224A
:10A38C0008701A602846BDE8F0811F4BDFF880800A
:10A39C00C8F8003001F060FF636A0646D80118D493
:10A3AC001A4F04E003F0CCFB636AD90111D401F01D
:10A3BC0053FF831BBB42F5D9114A0A210025114BCF
:10A3CC0011704FF410722846C8F800501A60BDE89E
:10A3DC00F0810022084BC8F800205A6A9207D1D5A8
:10A3EC00586B9A6AD96A22F4803241F08061D96242
:10A3FC0058639A62C6E700BF00002C400000DB0CDB
:10A40C00DC150020EC250020E17C000040420F0010
:10A41C00382600202DE9F04782468946364E01F059
:10A42C001BFF364D0446DFF80081354F04E001F088
:10A43C0013FF031BBB4227D831682846FFF744FEA5
:10A44C000028F4D0D8F81030DA05F0D501232D4DC2
:10A45C002D4F51462B7000232C483B602C4BC8F8D9
:10A46C000090C8F804302B4BC8F83830FFF72CFE9E
:10A47C000446A0B928490420284B40F29F120870CA
:10A48C0020461A60BDE8F08723490A20234B4FF47D
:10A49C00CC72002408701A602046BDE8F087204B6F
:10A4AC00DFF88890C9F8003001F0D6FE2B7806460C
:10A4BC00BBB1DFF84C8003E003F042FB2B7883B197
:10A4CC0001F0CAFE831B4345F6D90023C9F80030BE
:10A4DC0011492520114B4FF4D172002408701A60D9
:10A4EC00DAE73B6800229B07C9F80020F0D53A68F0
:10A4FC000C4B1A42D0D0EBE73426002000001A0D8A
:10A50C0040420F00E62800203C26002011003A06AD
:10A51C004000010002007F11DC150020EC2500201A
:10A52C00F57C000000007F1100002C403826002034
:10A53C002DE9F041324D1446AB7A13F0400012D1A4
:10A54C0003F03F03EA7A5B0043EAD213621C0A432E
:10A55C00134208D02B4927242B4B40F202320C70AB
:10A56C001A60BDE8F081294B1B780BB949026402D3
:10A57C002748FFF7A9FD40B922490F24224B40F28E
:10A58C000A320C701A60BDE8F08121462148FFF7B1
:10A59C009BFD40B91B4910241B4B40F20D320C7033
:10A5AC001A60BDE8F08100211B48FFF78DFD38B91A
:10A5BC0014491124144B4FF444720C701A60E2E7E6
:10A5CC0001F04AFE154E164D0446DFF85C80154F1F
:10A5DC0031682846FFF778FD18B1D8F81030DB0544
:10A5EC00D1D401F039FE001BB842F1D90549282419
:10A5FC00054B40F2133200200C701A60C3E700BF09
:10A60C0020260020DC150020EC250020E42800206A
:10A61C0000001A2000001A2100001B2634260020FE
:10A62C0000001A0D40420F0000002C402DE9F04FA5
:10A63C0012F0030483B018BF012401900093002B87
:10A64C0008BF44F001045CB140492520404B40F266
:10A65C00F512002408701A60204603B0BDE8F08F94
:10A66C003C4B15463C4A0E46DFF80C91136001F04A
:10A67C00F3FDDFF808810746DFF804B1DFF8F0A03E
:10A68C0006E001F0E9FDC01B504544D803F058FA30
:10A69C00D9F800104046FFF717FD0028F1D0DBF881
:10A6AC001030DA05EDD5009A2C4B2B4903EA024306
:10A6BC0000222B4F0A6043F400730121DFF8C480A1
:10A6CC003970C8F80020CBF80050CBF80430254B7B
:10A6DC00CBF83830244B1B7843B331460198FFF745
:10A6EC00F3FC81460028B7D0204B1B4A136001F0C5
:10A6FC00B3FD3B780546DBB11D4E03E003F020FAB9
:10A70C003B78ABB101F0A8FD401BB042F6D9002359
:10A71C00114A1360A0E70D4B0A2200210E481A7053
:10A72C004FF4FC720A4B01601A6095E77602D4E78D
:10A73C000023094A1360D8F800309B078CD5D8F851
:10A74C0000200C4B1A4208BF4C4685E7DC15002054
:10A75C00EC250020CD820000382600200000FF1FD1
:10A76C00E628002002007F11E4280020F57C000080
:10A77C0040420F0000007F113426002000001A0D0B
:10A78C0000002C403C260020F8B50646007A0C460A
:10A79C001546C0071F4613D483B10F4401E0BC42D9
:10A7AC000CD033682A46214630461B69013405F526
:10A7BC00007598470028F2D10020F8BD0120F8BDA3
:10A7CC00900712D0002BF9D00F4401E0BC42F5D019
:10A7DC0033682A46214630461B69013405F500755D
:10A7EC0098470028F2D10020E7E70648FFF71EFF44
:10A7FC000028E3D104490C24044B40F2A1320C7024
:10A80C001A60F8BD37003A12DC150020EC25002048
:10A81C00F8B50646007A0C461546C0071F4613D4F9
:10A82C0083B10F4401E0BC420CD033682A46214668
:10A83C0030465B6A013405F5007598470028F2D163
:10A84C000020F8BD0120F8BD900712D0002BF9D0E4
:10A85C000F4401E0BC42F5D033682A46214630460D
:10A86C005B6A013405F5007598470028F2D1002089
:10A87C00E7E70648FFF7DAFE0028E3D104490E2487
:10A88C00044B40F23D420C701A60F8BD27003A1997
:10A89C00DC150020EC2500202DE9F04F0025DFF819
:10A8AC00C0929B4C91B0DFF8BC829A4E01724572FB
:10A8BC0089F80050257088F800503570FFF7D2FAEF
:10A8CC0029462846FFF700FC50B90121924B40F273
:10A8DC008E22054621701A60284611B0BDE8F08F13
:10A8EC0003258E4F4FF4D5713846FFF7EDFB00284A
:10A8FC004ED1013DF6D13378002B3DD0DFF868B254
:10A90C0001F0AAFC864E0546DFF860A2854F0021B7
:10A91C003046FFF7D9FB50B9002517217E4B4FF479
:10A92C002A72284621701A6011B0BDE8F08F594682
:10A93C005046FFF7C9FB0028EED001F08DFC401B00
:10A94C00794BB842E8D81A69002AE0DA1969774AD3
:10A95C0011601B695A0002D5012388F800300021D0
:10A96C007348FFF7B1FB054610BB02216A4B40F25E
:10A97C00B12221701A60AFE7FFF774FA2946284616
:10A98C00FFF7A2FB3378002BB8D14FF4401BB7E78D
:10A99C00654B1B69B3F5D57F07D006215E4B4FF491
:10A9AC002572002521701A6096E701233370A5E704
:10A9BC0000216048FFF788FB054630B90321564B50
:10A9CC004FF42D7221701A6086E7574E5A4B32693C
:10A9DC005A4F13405A495B483B60FFF7C1FB054691
:10A9EC0030B907214C4B40F2B92221701A6073E741
:10A9FC0055495648FFF7B4FB054630B90821464B7C
:10AA0C004FF42F7221701A6066E739685048FFF7CF
:10AA1C005BFB054630B905213F4B40F2BF2221704C
:10AA2C001A6059E739683E48FFF74EFB38B91421D4
:10AA3C00394B40F2C322002521701A604CE70221E9
:10AA4C004448FFF741FB05460028F0D0B36A69463D
:10AA5C006FF07F4023F00603B362B36A43F0020346
:10AA6C00B3624FF010137364FFF7D4FC9DF80D30F4
:10AA7C009B0743D5002841D0274E6946364894F8A9
:10AA8C0000803768FFF7C6FC9DF8103003F00F0309
:10AA9C00012B36D1A8B34CF25030304C0523C4F8FE
:10AAAC00CC31C4F8D031C4F8BC31C4F8C031C4F8CE
:10AABC00C431C4F8C831FFF7EBF8002347F2B802F1
:10AACC00C4F8CC31C4F8D031C4F8BC31C4F8C031AE
:10AADC00C4F8C431C4F8C83141F2B803C4F8BC237B
:10AAEC00C4F8C023C4F8AC23C4F8B0330123C4F8B1
:10AAFC00B423C4F8B82389F80030EDE646F2A81068
:10AB0C00CBE746F2A81084F800803760C5E700BF99
:10AB1C00DC150020E3280020EC25002000001A089A
:10AB2C0000001A3740420F0000002C403026002055
:10AB3C000000090200001A030000FFFF3426002069
:10AB4C002026002000000909102600200000090A18
:10AB5C0000001B0700001A06F1FFFF8000801F4059
:10AB6C00E2280020E42800200000304000000229E8
:10AB7C00374B5A6A92052DE9F0410F460DD49A6A6B
:10AB8C0022F480329A6272B69A6A42F400329A6265
:10AB9C009A6A42F480329A6262B601F05DFB2C4EE6
:10ABAC00DFF8C480054604E001F056FB431B434527
:10ABBC0037D8746A14F40064F6D007F13C0C2448BE
:10ABCC0007F50F77436A1B05FCD5ACF14003026A0D
:10ABDC0043F8042F9C45FAD10CF1400C6745F1D198
:10ABEC0001F03AFB1A4F1B4D0646DFF87C8004E05F
:10ABFC0001F032FB831B43451DD83C6B2C40F7D036
:10AC0C003B6B154A136013683B63136813F0020324
:10AC1C001BD01268114B1A420CBF01200020BDE85A
:10AC2C00F0810F491A250F4B40F2563220460D7019
:10AC3C001A60BDE8F0810A491D250A4B40F26132C9
:10AC4C0020460D701A60BDE8F0811846BDE8F08111
:10AC5C0000002C4002007F113C26002000007F11D8
:10AC6C00DC150020EC25002040420F002DE9F047B8
:10AC7C00294B8946DFF8C0A0284ECAF8003001F0F5
:10AC8C00EBFA274D0446DFF8B480264F06E001F0BE
:10AC9C00E3FA001BB84229D802F052FF316828466B
:10ACAC00FFF712FA0028F2D0D8F81030DB05EED5F9
:10ACBC0000234FF40072CAF80030D8F8283043F45F
:10ACCC008033C8F82830184BC8F804201B78CBB157
:10ACDC0049461648FFF7F8F930B915490C24154BBD
:10ACEC0040F2BD320C701A60BDE8F087104A0A21A0
:10ACFC000020104B117040F2B132CAF800001A60FB
:10AD0C00BDE8F0874FEA492908484946FFF7DCF9C6
:10AD1C000028E9D1E1E700BFCD82000034260020F5
:10AD2C0000001A0D40420F00E428002030003A12B7
:10AD3C00DC150020EC2500203826002000002C40DB
:10AD4C002DE9F04100221D4C0D4642721146A36ABA
:10AD5C001B4823F48033A362FFF7B6F940B91949B5
:10AD6C000924194B40F2D3320C701A60BDE8F08103
:10AD7C00002DFBD0154B164E336001F06DFA636A53
:10AD8C000746DA0116D4DFF84C8004E002F0D8FE56
:10AD9C00636ADB010ED401F05FFAC01B4045F5D9A4
:10ADAC00084A0A210020084B117040F2D73230605B
:10ADBC001A60DBE7002328463360D7E700002C40FD
:10ADCC000000DB0CDC150020EC250020E17C0000F1
:10ADDC003826002040420F000A4B1B7810B5044661
:10ADEC001BB9637A43B9012010BDFFF7CFF80028D7
:10ADFC00FAD0637A002BF6D020460121BDE8104032
:10AE0C00FFF79EBFE52800202DE9F0410446007AAB
:10AE1C00ADF5007D164610F0010513D093073CD01C
:10AE2C00012338486A46FFF701FC00283AD04FF45A
:10AE3C0000726946304601F0B5FA28460DF5007DE2
:10AE4C00BDE8F081DFF8CC800F4698F80030002B7D
:10AE5C0035D1637A012B39D022682B49126A8A4288
:10AE6C004AD198F80020002A34D1002B39D1394628
:10AE7C002046FFF7FBFEE8B10123676063723146A1
:10AE8C002046FFF775FEA8B16368054601332846D6
:10AE9C0063600DF5007DBDE8F08101231948FFF7D3
:10AEAC00C5FB38B919490B20194B4FF45D720025BD
:10AEBC0008701A6028460DF5007DBDE8F081FFF79B
:10AECC0065F80028F6D0637A012BC5D16268BA42C6
:10AEDC00C2D1D4E7FFF75AF80028EBD0637A002BE5
:10AEEC00C5D001212046FFF72BFF0028BFD12846F3
:10AEFC000DF5007DBDE8F081204690470028F6D086
:10AF0C00B5E700BF11003A11498E0000DC15002096
:10AF1C00EC250020E52800202DE9F041047AADF560
:10AF2C00007D0F46904614F001041DD012F0030F63
:10AF3C0006D0684611464FF40072804601F032FA92
:10AF4C000123424639462C48FFF770FB044630B9C2
:10AF5C002A490D202A4B40F2114208701A602046F3
:10AF6C000DF5007DBDE8F081264D06462B782BBBF8
:10AF7C00737A022B29D032682349126A8A4236D15D
:10AF8C002A7832BB002B2BD13368394630461B6EE6
:10AF9C0098470028E3D002237760737233684146E8
:10AFAC003046DB6D98470028D9D0736804460133CE
:10AFBC00204673600DF5007DBDE8F081FEF7E6FFDD
:10AFCC000028CCD0737A022BD5D17268BA42D2D178
:10AFDC00E4E7FEF7DBFF0028C1D0737A002BD3D057
:10AFEC0001213046FFF7ACFE0028B8D0CCE7304644
:10AFFC0090470028B3D0C7E701003A18DC150020B1
:10B00C00EC250020E5280020498E0000012101F0EC
:10B01C0089B900BF01F04AB930B482B00C4602AB1A
:10B02C0003E90600C37C002B30D072B6C37CDA0770
:10B03C0008D54FF0E0214569D1F880212A40826281
:10B04C00C1F880219D0708D54FF0E0218569D1F822
:10B05C0084212A40C262C1F88421590708D54FF0D7
:10B06C00E021C569D1F888212A400263C1F8882102
:10B07C001A0708D54FF0E021056AD1F88C212A4037
:10B08C004263C1F88C21DB062FD462B683689C42E4
:10B09C0035D0224B84609B69214AC3F30111C3F361
:10B0AC00826352F821100133B1FBF3F2CCB194421C
:10B0BC0027D8B2FBF4F3B2FBF3F294422CD3B3F5E2
:10B0CC00817F20D3174CC4600368032200200199B0
:10B0DC0018615A6201221C6419661A6102B030BCF4
:10B0EC0070479942EFD3531CE9E74FF0E022416AD5
:10B0FC00D2F890310B408363C2F89031C5E7C46835
:10B10C00E2E70024DFE7022BFBD9023B5A081402CA
:10B11C0044EA02441C43D6E71A46E4E700C00F4059
:10B12C0030090020FF7F7F0008B5034653F8040B5D
:10B13C0093E80600FFF770FF08BD00BF84B00DF167
:10B14C00100C0CE90E00024623B11846136004B033
:10B15C0000F008BB024B1846136004B000F002BBB1
:10B16C00681300200268D37C13B3D80704D5906A07
:10B17C004FF0E021C1F80001990704D5D06A4FF0D7
:10B18C00E021C1F80401580704D5106B4FF0E02101
:10B19C00C1F80801190704D5506B4FF0E021C1F834
:10B1AC000C01DB0604D5926B4FF0E023C3F81021A1
:10B1BC00704700BF006800F0F3BB00BF0268FF23BC
:10B1CC0012685366D36D13F4F81FFBD0506FC0B2E6
:10B1DC00704700BF30B50C4683B00546FF212046B2
:10B1EC00019203F06FFD2868019B2246214600F076
:10B1FC00D3FB002003B030BD03681A685166D36DD1
:10B20C0013F4F81FFBD0536F704700BF531EB3F5F8
:10B21C00007F30B51446ADF5017D054611D36AB1FA
:10B22C000368481E1968821810F8013F4B66CB6DF5
:10B23C0013F4F81FFBD090424B6FF5D10DF5017D47
:10B24C0030BD684601F0AEF86A46234628681146C0
:10B25C0000F0A2FB0DF5017D30BD00BF30B50378C9
:10B26C0083B0DC071DD50446406804F11002036866
:10B27C00E16801925B6A9847019A0546A8B1237868
:10B28C00990708D56068D4E90231194403685B6AF0
:10B29C00984750B1237823F001032846237003B05C
:10B2AC0030BD0125284603B030BD0025284603B02B
:10B2BC0030BD00BFF8B543680BB3C36804460F46F6
:10B2CC0015468B4206D110F8103B05F003052B43B5
:10B2DC002370F8BDFFF7C2FF88B16B0705D504F1E9
:10B2EC00100630460023E760EFE7606804F11006B3
:10B2FC003946036832461B6998470028F1D1002073
:10B30C00F8BD00BF4FF0000C024B82F800C01B6868
:10B31C00184700BF50260020024A0349034B116016
:10B32C00186070474C2600207593000050260020B2
:10B33C0010B50446808982B018B10023A38102B0F5
:10B34C0010BDD4E901318B42F9D201AA184600F0A4
:10B35C00B7F880B1019B6060B3F5803F01D298B221
:10B36C00EDE7980AC3F30903A0F52150A3F5105398
:10B37C0080B2A381E3E74FF6FF70E0E7B1F5807F81
:10B38C0021D810292ED840234FF0200CB2FBF3F11A
:10B39C00B1F5806F20D203FB112300B5B2FBFCFE8C
:10B3AC00B3FBFCF30CFB1E224FEA910CDBB2013217
:10B3BC002CF03F0CC9B2037042EA0C028170D2B27D
:10B3CC0042705DF804FB3F239C46802910D9B1F5EF
:10B3DC00FC7F0FD81B01D9E7FF21FE2341700370BE
:10B3EC0081707047202916D880234FF0200CCDE7B0
:10B3FC00DB00CBE7B1F57C7F04D9B1F5FC6F03D84A
:10B40C009B01C3E75B01C1E7B1F57C6F94BFDB0126
:10B41C00C3EB0323BAE720239C46D6E77F28A2EB95
:10B42C00010205D812B10A4602F8010B104670470A
:10B43C00B0F5006F0FD2012A40D94FEA901C00F0F2
:10B44C003F030A466CF03F0063F07F0302F8020BE7
:10B45C0010464B707047B0F5803F16D2022A2DD99A
:10B46C00C0F3851C00F03F03CA1C63F07F0300B5DA
:10B47C004FEA103E6CF07F008B706EF01F0E487020
:10B48C00104681F800E05DF804FB032A16D94FEA58
:10B49C00904CC0F30532C0F3851300F03F0062F00E
:10B4AC007F026CF00F0C63F07F0360F07F004A703A
:10B4BC000A1DC87081F800C08B70B7E70022B5E791
:10B4CC0088423DD2034610B490F900001C78002845
:10B4DC002DDA04F0E000C02834D004F0F000E028AD
:10B4EC0034D004F0F800F02826D104F0070404202E
:10B4FC001844884220D8013313F8011B01F0C00C0A
:10B50C0001F03F01BCF1800F41EA841414D1834255
:10B51C00F2D1A4F180010F4B99420DD8A4F55843F8
:10B52C00B3F5006F08D314605DF8044B7047581CDA
:10B53C0014605DF8044B704700205DF8044B7047B5
:10B54C000020704704F01F040220D1E704F00F0420
:10B55C000320CDE77FFF10007E283ED94FF0350C3D
:10B56C00002330B4284C04E034F82120824220D847
:10B57C000B46ACEB0302012A03EB5201F4D89BB24D
:10B58C0034F82320904216D24B2400231F4D04E0A4
:10B59C0035F8212082421ED80B46E21A012A03EB11
:10B5AC005201F5D89BB235F8232082421FD030BC13
:10B5BC0070478C46DDE704EB8304821AE3789A42E9
:10B5CC00E2DA94F90230012B16D0D3B19BB20344CA
:10B5DC0030BC98B270470C46DFE7A0F16103192B21
:10B5EC008CBF00230123A0EB431398B2704705EBEB
:10B5FC008305688830BC704702F00102831A98B248
:10B60C00D5E74EF2A033E2E7A0040020540300205B
:10B61C0090F81CC04160BCF1020FC26001D183687C
:10B62C00184700F033BB00BFF0B4046840F20125AA
:10B63C001E462561A3B121B311F8015B013B656680
:10B64C00256FAF0707D41546013E676F1AB105F891
:10B65C00017B2A4604686569ED07F1D5002BEAD118
:10B66C006EB10368196F8907FAD41146013E5B6FFE
:10B67C00002AF5D001F8013B0A46002EF1D1F0BCAE
:10B68C00704790F83C50D9E7324B334930B5D3E989
:10B69C0011542079C8771A6C95F804C081F81CC035
:10B6AC00087752B1B2F5004F23D32C4911442A4AE2
:10B6BC001964D07682F81BC030BD19680F24D86C81
:10B6CC008C6540F20134CA610C614FF47C544C61BE
:10B6DC0003210468246883F83D10214B9C4226D139
:10B6EC00037F4260022BC26026D18368BDE83040E4
:10B6FC0018472D68E98B090422D492B2EA83216899
:10B70C00EC8BA4B2EC82CC8B240405D5CC8BC2F38D
:10B71C00080204F47E442243CA83CA8B92B2CA82C2
:10B72C0000210D4A1964D07682F81BC030BD234627
:10B73C001146BDE830401847BDE8304000F0A6BACD
:10B74C00E98BC2F3080E92B201F47E4141EA0E017C
:10B75C00E983D4E76813002000800E400180FFFFCE
:10B76C008196000043682DE9F04FD3E90041814DEB
:10B77C004FF0B80A22684FF0020822EA01027E4913
:10B78C002260AA6911407D4A0A43AA6190F810E030
:10B79C007B4A03EB0E0603EB8E0E317C02EB0111A0
:10B7AC008968C1F800A090F811C003EB0C050CF1EE
:10B7BC000A0C95F8241002EB01118968C1F800A05D
:10B7CC00817C03EB010903EB810199F838B002EBA2
:10B7DC000B1BDBF808B0CBF800A0D4F800A05F6816
:10B7EC004AEA070AC4F800A0347CDEF814E002EB45
:10B7FC0004146468C4F800E095F8244053F82CC095
:10B80C0002EB04146468C4F800C0C96B99F83840A2
:10B81C0002EB0412526811609A6C99F84410116092
:10B82C001A6A317F5B6B116095F830201A600F2219
:10B83C000368C3F810809A65C27C002A31D072B6B6
:10B84C00C37CDC0708D54FF0E0214469D1F8802196
:10B85C0022408262C1F88021990708D54FF0E0217F
:10B86C008469D1F884212240C262C1F884215A072C
:10B87C0008D54FF0E021C469D1F888212240026339
:10B88C00C1F888211F0708D54FF0E021046AD1F8D0
:10B89C008C2122404263C1F88C21DE0655D462B65D
:10B8AC000368384C8268A24259D0324A846092694B
:10B8BC003549C2F30116C2F38262344D51F8261099
:10B8CC000132B1FBF2F2AA4231D80022C26000244C
:10B8DC0003211C610724596201211A641C66196139
:10B8EC00C37C13B3DD0704D5816A4FF0E022C2F8A4
:10B8FC0000119C0704D5C16A4FF0E022C2F8041174
:10B90C00590704D5016B4FF0E022C2F808111A0751
:10B91C0004D5416B4FF0E022C2F80C11DB0604D5C4
:10B92C00826B4FF0E023C3F81021BDE8F08F18496B
:10B93C00A1FB0251090DB2FBF1F2A24288BF013109
:10B94C00B1F5817F0DD3134AC0E74FF0E022416A75
:10B95C00D2F890310B408363C2F890319FE7C268F4
:10B96C00B5E70229B1D902394C08220242EA044255
:10B97C000A43ABE700C00F40CFFFFFE31000000805
:10B98C004009002000093D0030090020FF083D005F
:10B99C0083DE1B43FF7F7F000BB1FFF745BE704773
:10B9AC004368D3E900120968114200D1704710B501
:10B9BC0002680446002005211061227C1344187C87
:10B9CC0000F0B0FC627C63680521134493F82400FA
:10B9DC0000F0A8FC6368A27C05211344BDE810406C
:10B9EC0093F8380000F09EBC036818470B6803609E
:10B9FC00704700BF0B680360704700BF704700BF03
:10BA0C0010B5044600F0A0FA204610BD2DE9F04117
:10BA1C00484E3078FF2802D0002100F047FC464DFC
:10BA2C002B780B2B43D8454F01213C6801FA03F2CC
:10BA3C0022424ED1FF2232700133DBB20B2B32D8B3
:10BA4C002B7000204FF0010C03E0CBB201200C2B2B
:10BA5C0030D00CFA03F2591C2242F6D000B12B70F4
:10BA6C003749DFED387A31F81310374A07EE101AE0
:10BA7C001368BBEECE7A0B44B4EEE77A1360F1EEAA
:10BA8C0010FA0EDCF3EE086AFEEE007AE7EE267A88
:10BA9C00FCEEE77A17EE903A102B02D92B4A12687B
:10BAAC00A2B9BDE8F081002213462A70C9E7234AE7
:10BABC001468BFE7244A264811682B70814213D9B9
:10BACC00224B1B680BB19521196000231360BDE854
:10BADC00F081204A12F80380404600F0E7FB2B78F7
:10BAEC003C6886F80080A7E71B4B5B1A07EE903A80
:10BAFC00FAEECE7AF5EEC07AF1EE10FAE5D49FEDBF
:10BB0C00117AF4EEC77AF1EE10FADEDCF3EE086A85
:10BB1C00BEEE007AA7EEA67AFCEEC77A17EE903A44
:10BB2C00102BD2D9094909680029CED0C1ED007A71
:10BB3C00CBE700BFDE150020DD1500200826002015
:10BB4C00F0250020ABAA2A4D902600204815002095
:10BB5C00FFE104004026002000E2040030B40F4D49
:10BB6C0000230C2101222C68037122424FEA420C63
:10BB7C000BD0037901391FFA8CF203F10103037125
:10BB8C00F3D1FF2330BC03717047054914430B6894
:10BB9C002C6023EA020330BC0B6070470C2600209B
:10BBAC00082600202DE9F041044600798CB00B28C2
:10BBBC0002D90CB0BDE8F081CFB21D46164601216A
:10BBCC003846DFF87C8000F0ADFB20792B01D8F8EB
:10BBDC0000103201638001232280144A83401568CF
:10BBEC002B43136045F6C052114B1F54114B23F8D5
:10BBFC0010200029DDD1104B02A908A80093069350
:10BC0C000E4B0293FFF7F2FE06A9EF22404600F01E
:10BC1C0019F9069B08A8DB689847009B02A8DB680B
:10BC2C00984720790CB0BDE8F08100BF08260020B1
:10BC3C0040260020F0250020200900207D9A0000DD
:10BC4C00481500204FF416634FF40872FFF7AABF93
:10BC5C0003880A01B3EB011F03DC43889342A8BF9E
:10BC6C00134602790B2A02D8014921F81230704789
:10BC7C00F0250020024A0349034802F021BD00BF11
:10BC8C00480F0020719A000048150020EFF3108235
:10BC9C0072B6437F5BB9017F012930B40BD0032905
:10BCAC0013D00123437702B962B630BC70470AB98E
:10BCBC0062B670477047124C2168B1B111494361AB
:10BCCC000B68086083615861EBE70F4D0F492C68D6
:10BCDC008CB143610B68836158614FF0E0234FF0E6
:10BCEC0080540860C3F8044DDBE7064B20601860F5
:10BCFC00C0E90511D5E7C0E905442860EDE700BFB0
:10BD0C005826002064260020602600205C26002097
:10BD1C0070B5EFF3108272B60C4C206880B10C4EEB
:10BD2C0000254369236073B19D6102B962B68368D3
:10BD3C0045779847EFF3108272B620680028F0D14F
:10BD4C0002B962B670BD3360EFE700BF6026002019
:10BD5C005C260020FFF7DCBF0449054A4968054B07
:10BD6C001960136801331360704700BF001000E0C6
:10BD7C00C0280020BC280020014802F01BBA00BFDC
:10BD8C00C8130020014802F015BA00BF2814002087
:10BD9C00704700BF704700BF704700BF704700BFBF
:10BDAC0070B51A4C1A4D2368AB4202D0194AD168AF
:10BDBC0029BBA369AB4202D0164AD169C9B9236B1E
:10BDCC00AB4202D0134AD16A69B9A36CAB4209D019
:10BDDC00104AD16B31B101211B680F48D163BDE80A
:10BDEC007040184770BD01211B680C48D162984700
:10BDFC00EBE701211B680A48D1619847DFE7012175
:10BE0C001B6804F10800D1609847D2E7C01A0020E3
:10BE1C004406002000410840101B0020F81A0020A6
:10BE2C00E01A002038B5064CA4F1600554F8083C23
:10BE3C002046183CDB689847AC42F7D138BD00BFB0
:10BE4C00101B002003682DE9F041044688B017460A
:10BE5C00002B4BD000229A600122DA60304D04A8EE
:10BE6C00DFF8E0801D4451F8083B2D1102935B680C
:10BE7C0005EB45069847F60006F1080058F8063021
:10BE8C004044DB6801909847264A04A9DDE9010388
:10BE9C00029248F806309B689847029B04A8DB681E
:10BEAC0098472368032220481F609A601F4A237911
:10BEBC001F4C535513785178C0F828428B4228BF39
:10BECC000B469178D2788B4228BF0B46934228BF01
:10BEDC001346184C4FF0E0224FF08061012084F89B
:10BEEC007A30C2F80C1108B0BDE8F081124AD36E5A
:10BEFC0043F44053D3660122104B1A60104A134688
:10BF0C000260403298680028A8D010339342236016
:10BF1C00F8D100231846236008B0BDE8F08100BFBB
:10BF2C0000BFF7BF44060020001800205015002069
:10BF3C00119E000000E400E000C00F4000400840EB
:10BF4C0000410840C01A0020F8B5036843B3154CF3
:10BF5C000746154E1C44241104EB4405ED0073599F
:10BF6C0005F10800DB6830449847104B0021012292
:10BF7C0073513B689960DA60FF230D4A13551378AF
:10BF8C0050789478834228BF0346D078094AA3425C
:10BF9C0028BF2346834228BF034682F87A30396093
:10BFAC00F8BD00BF00BFF7BFC01A00204406002038
:10BFBC005015002000E400E010B4064B0020064CA5
:10BFCC00064A1C609C611C639C6405495DF8044B2B
:10BFDC0002F076BBC01A002044060020480F002057
:10BFEC00959E0000084601F017BD00BF2DE9F041F9
:10BFFC000C46D1B1EAB180468E1800250E4F04E0F4
:10C00C0001F00AFDB44205440CD0D8F8003014F805
:10C01C00010B1B68BB42F3D0014640469847B44223
:10C02C000544F2D12846BDE8F0810D462846BDE80E
:10C03C00F0811546F6E700BF55A0000000B5036877
:10C04C0083B040F60D2C022201A95B68ADF804C048
:10C05C00984703B05DF804FB4D4A2DE9F047A2FB6D
:10C06C00004340F26D1A4B4F5B09DFF83881DFF863
:10C07C003891A2FB0342C3EB03145209A0EB8400DA
:10C08C00454CC2EB02150870A3EB8503A4FB0254CC
:10C09C0024094B70414B251D04EB4400A2EBC0025C
:10C0AC00A3FB050300208A70EA1A03EB5203024635
:10C0BC009B08C3EBC303ED1ACD705FFA80FE40F210
:10C0CC006D1C0EF2B27313F0030507FB03F608D1D7
:10C0DC00B8EBB60F4FF4B77C03D3B9EB361F38BFB0
:10C0EC00D446624401309442E7D20EF1460E2C4EF7
:10C0FC0081F806E0A6FB030685B377094FF0640CC4
:10C10C004FF4C870F6090CFB173700FB163640F2DB
:10C11C006D10A41A00230122DFF890E020440AE0FD
:10C12C0013F80E4084420ED80C2AA0EB04000BD05E
:10C13C0001320133D2B2012B5FFA83FCF0D145B945
:10C14C00CFB11D2406E0624601304A710871BDE88A
:10C15C00F0871C24A04218D3001BE9E76420770960
:10C16C00F60900FB17374FF4C87000FB16363FB1C9
:10C17C004FF4B770CDE7002E14BF1C241D24E9E743
:10C18C00002EC4D14FF4B770C3E70122DCE700BF27
:10C19C0089888888295C8FC2ABAAAAAA25499224CF
:10C1AC001F85EB51285C8F020AD7A3007405002071
:10C1BC0000B970472DE9F84F01218146214C224DE1
:10C1CC00224E54E8003F2A68306844E80013002BE4
:10C1DC00F7D11F494B684FF47A7BDFF878A01B1A14
:10C1EC0001270BFB02F8DAF80020A3FB02325A45B8
:10C1FC0094BF9044D84454E8003F2A68306844E81F
:10C20C000073002BF7D14B68DAF800C01B1A0BFB3C
:10C21C0002F2A3FB0C3CBCF57A7F94BF624402F59E
:10C22C007A72A2EB0802B2F57A7F06D3B9F1010952
:10C23C0008F57A78DFD1BDE8F88F01F081FC04496C
:10C24C00D9E700BFC4280020C0280020BC2800204B
:10C25C00001000E09828002030B40F4B4FF0010C78
:10C26C000E4D0F4C53E8002F2868216843E800C29C
:10C27C00002AF7D10B4B5B680B4A5B1A4FF47A71AF
:10C28C00126801FB00F0A3FB023230BC8A4294BF5F
:10C29C0080184018704700BFC4280020C028002018
:10C2AC00BC280020001000E098280020362816D862
:10C2BC000201104B03EB00109B5810B4C2685C6871
:10C2CC00144205D061B95DF8044BC3F8882070475F
:10C2DC00836851B1084A5DF8044B1A607047704787
:10C2EC005DF8044BC3F884207047044A5DF8044B96
:10C2FC001A6070474009002038F001003830010006
:10C30C0036280BD8064B020103EB00109A58C36871
:10C31C0092681A4214BF0120002070470020704719
:10C32C0040090020362829D8164B0201012903EBBD
:10C33C0000109A5810B45368C4680ED004290CD05D
:10C34C0023EA040353608368A9B1022917D0032997
:10C35C000CBF0D4A0D4A1A6007E0234301295360B4
:10C36C00836808D040F638021A60436815225DF8DD
:10C37C00044B1A60704738221A60F6E77047044A7B
:10C38C001A60F2E740090020383001003800010043
:10C39C0038F0010008B5F7F78FF8F7F7CFF901F08F
:10C3AC00CFFBFAE7844641EA000313F003036DD197
:10C3BC00403A41D351F8043B40F8043B51F8043B5C
:10C3CC0040F8043B51F8043B40F8043B51F8043B63
:10C3DC0040F8043B51F8043B40F8043B51F8043B53
:10C3EC0040F8043B51F8043B40F8043B51F8043B43
:10C3FC0040F8043B51F8043B40F8043B51F8043B33
:10C40C0040F8043B51F8043B40F8043B51F8043B22
:10C41C0040F8043B51F8043B40F8043B51F8043B12
:10C42C0040F8043B51F8043B40F8043B51F8043B02
:10C43C0040F8043B403ABDD2303211D351F8043BA2
:10C44C0040F8043B51F8043B40F8043B51F8043BE2
:10C45C0040F8043B51F8043B40F8043B103AEDD251
:10C46C000C3205D351F8043B40F8043B043AF9D2A2
:10C47C00043208D0D2071CBF11F8013B00F8013B75
:10C48C0001D30B8803806046704700BF082A13D382
:10C49C008B078DD010F003038AD0C3F10403D21A9A
:10C4AC00DB071CBF11F8013B00F8013B80D331F8CE
:10C4BC00023B20F8023B7BE7043AD9D3013A11F84E
:10C4CC00013B00F8013BF9D20B7803704B784370B9
:10C4DC008B7883706046704702F0F8B802F0FEB8B3
:10C4EC0001F1FF3C70B56646002400E00134B0FB5E
:10C4FC00F2F502FB1503092B03F1370E03F13003A0
:10C50C005FFA8EFE98BF5FFA83FE9042284606F8CB
:10C51C0001EFEBD2631C0022C818CA547CB16246EE
:10C52C001CF8015F10F8016DA1EB0C0302328CF8C2
:10C53C000060013B521A057023449A42EFDB084617
:10C54C0070BD00BF4FF0010C0CFA01FC01EB410176
:10C55C0000EB411170B5B1F80EE01FFA8CF5254CCB
:10C56C001FFA8EFE24782E010EFB033306F0F00624
:10C57C00E340B0F888417345A4B228BF73463443F6
:10C58C00012AA0F888410DD0022A28D0C2B10CF0A3
:10C59C000F02B0F888C11FFA8CFC4CEA020CA0F810
:10C5AC0088C170BD9BB20CF00F022D02CB82B0F88B
:10C5BC00803105F470659BB22B43A0F88031E8E71D
:10C5CC00AEEB030E0CF00F021FFA8EFEA1F80AE080
:10C5DC00B0F880319BB21343A0F88031D9E79BB2FD
:10C5EC000CF00F02CB83B0F880319BB21E43A0F845
:10C5FC008061CEE7DF15002036284BD8F8B52A4DE0
:10C60C00044615F8202005EB8005012A2DD0022ABE
:10C61C003FD16B78C3F3011003283ED0234A02EBC1
:10C62C00803203F0030C224889B2634602EB4C1CA7
:10C63C000678BCF806E05801BCF810301FFA8EFEE4
:10C64C00CEF1011E1EFA83F303F1FF3E0EFB01F146
:10C65C00F1408E4523D95B1AC3F101039BB289B219
:10C66C000244ACF8063011820DE06A78C2F3011373
:10C67C00032B10D00F4800EB83308BB202F0030178
:10C68C00AA78FFF75FFF0C4BEA7803EB04135B68A7
:10C69C001A60F8BD70470948EFE7094AC1E7991ECF
:10C6AC004FF6FF73DBE700BFB00C002000C01D404D
:10C6BC00DF15002000C03D404009002000803E40B6
:10C6CC0000801E4000230F2248F2B82C194610B5EA
:10C6DC004FF470444FF4806EA0F88C414FF46044DA
:10C6EC00A0F88E210A46A0F89031B0F888319BB2A0
:10C6FC0043F0F003A0F8883101EB4103013100EB6A
:10C70C00431304299C80A3F806E05A841A865A80A5
:10C71C005A81A3F80EC05A82DA825A83DA83EBD19B
:10C72C00B0F888319BB243F00F03A0F88831B0F811
:10C73C0088319BB243F47063A0F8883110BD00BF00
:10C74C00374B384A996F384841F47F0170B5996777
:10C75C0041F20106D3F8801045F6C05543F2260489
:10C76C000A43C3F88020FFF7ADFF00F58040FFF7C8
:10C77C00A9FF00F58040FFF7A5FF00F58040FFF70B
:10C78C00A1FF0022A0F503104FF00F0E114600EB95
:10C79C0042134FEA421C01329981042A5981A3F8B1
:10C7AC000EE09E82DD8020F80C1019829C81EED167
:10C7BC0000221E484FF00F0E41F20106114645F6BD
:10C7CC00C05543F2260400EB42134FEA421C0132DF
:10C7DC009981042A5981A3F80EE09E82DD8020F80D
:10C7EC000C1019829C81EED1002211480F2641F2C7
:10C7FC000105114645F6C05443F2260E00EB4213D8
:10C80C004FEA421C01329981042A5981DE819D82B2
:10C81C00DC8020F80C101982A3F80CE0EED170BD6E
:10C82C0000C00F40000003FC00C03D4000001E4053
:10C83C0000401E40074A506A936A19468446506A63
:10C84C00936A9942F9D18445F7D1DB0B43EA404016
:10C85C00704700BF00400D4072B6EFF30583524C99
:10C86C00C4F884301EF0040F0CBFEFF30882EFF312
:10C87C0009824FF0E0234D4E4D4DD3F8280DD3F8DF
:10C88C002C1DC4E92201D3F8341DD3F8383DC4E97A
:10C89C0024139369C4F89830D369C4F89C3000F021
:10C8AC00BFF884ED280AFFF7C5FF0B214FF0FF32CC
:10C8BC00C4F8A4000B46C4F880103E49301D5A4001
:10C8CC00202402F00103013C01FB03F383EA520232
:10C8DC00F7D1A84202D073680646EFE7324BC3F893
:10C8EC00A820BFF34F8F4FF0E0233049324AC3F8F2
:10C8FC00701FC3F8702FBFF34F8FBFF36F8F2F4A8A
:10C90C0002252F48D36E2F4943F44053D36605605C
:10C91C00D3692D4823F07F0343F04003D3610B68A8
:10C92C0083423DD8264D00214FF0E0234FF0FF32DB
:10C93C0029600126C5F808112449C5F80011C5F86D
:10C94C000861C3F88021C3F88421C3F88821C3F897
:10C95C008C21C3F8902101E000F054F9D5F80C318A
:10C96C00002BF9D00134C5F80C614F2CF4D9184BBD
:10C97C00022018494FF00042C1F840015A63D5F823
:10C98C000C313BB9144815490D4A0163D2F80C31EE
:10C99C00002BFAD04FF0E023114AC3F80C2DFEE720
:10C9AC0001F0AEFCBEE700BF00FF272080FF272070
:10C9BC00A8FF27202083B8EDA0FF272000C00F4040
:10C9CC000040084064130020803DCD0B009F2400E4
:10C9DC0000900D4000002E4000800F40F100AD0B88
:10C9EC000400FA050A490A6838B108B51318094851
:10C9FC00834204D810460B6008BD1046704702F005
:10CA0C000BFA0C234FF0FF320360104608BD00BF39
:10CA1C00541500200000282030BFFDE7FFF71CBF95
:10CA2C00124AD2F880305B07FBD5D2F88030104820
:10CA3C00C3F30B230F4990ED007A07EE903A91ED7A
:10CA4C00006AB8EE477A0C4AF8EEE77A0B4BD2ED57
:10CA5C00006A77EEC77A93ED007AB8EE477A67EE04
:10CA6C00867A87EEA60A37EE400A704700810D40A1
:10CA7C00E8270020F0270020F4270020EC270020D6
:10CA8C00836BF0B41BB1536843F40043536072B62C
:10CA9C00446B3CB31A4B2260D3F8B0410C421DD10D
:10CAAC00184E776804E07468E41BB4F5166F0BD26B
:10CABC00D3F8404144F48044C3F84041D3F8B85112
:10CACC00D3F840416404EED50D4007D10C4CC0E9BD
:10CADC000225D4F8B0310B43C4F8B031426362B6CE
:10CAEC00F0BC7047064DC0E90224D5F8B0310B43B9
:10CAFC00C5F8B0310263426362B6F0BC704700BF48
:10CB0C0000002E40001000E070B5056B9DB106468C
:10CB1C002A46002403E012680134012A0CD0536821
:10CB2C0013F08003F7D032632CB12846B36B2D6819
:10CB3C009847013CF9D170BDC6E90C33F4E700BF4E
:10CB4C0030B4D9B91F4C204B0021204A01254FF09D
:10CB5C00011099601D60C4E9023180245C60C2F848
:10CB6C00BC01D2F8B0311A482B43C2F8B031016085
:10CB7C00D2F8B031002BFBD130BC70470904154BF7
:10CB8C00104C012541F080019860104A596000F565
:10CB9C0080511D60D96000F50051A364196100F546
:10CBAC00405100F58040596100219861E164D2F850
:10CBBC00B03143F48033C2F8B031D2F8B031002B2D
:10CBCC00FBD1C0E700000020201B002000002E40FD
:10CBDC0034270020401B0020084901220B7802FA60
:10CBEC0000F023EA0000087030B9054AD2F8483149
:10CBFC0023F08003C2F84831704700BFEF280020B3
:10CC0C0000002E402DE9F04F974C83B0D4F84471BE
:10CC1C00FB07C4F8447153D5D4F8AC21002A4AD090
:10CC2C00924EDFF860A2DFF87492DFF874B2DFF88E
:10CC3C007482C4F8AC21D6E90A20D4F8403143F40C
:10CC4C000053C4F84031D4F840319D04F5D5D4F8E4
:10CC5C00403123F40053C4F840314FF00113C4F8B1
:10CC6C00B431D4F8B45115F00115FAD193B284460D
:10CC7C00CAF80050B3F5086F00F0CF8100F2DB80EA
:10CC8C0040F202318B4200F0E78100F29A80822B55
:10CC9C0000F0CB81B3F5817F40F08A8010F0780FE3
:10CCAC0083B200F003824FF00113C4F8C031D4F802
:10CCBC00AC21002ABDD16C4AD2F8BC31002B42D138
:10CCCC007E0616D5684BD3F8AC21C3F8AC21D3F84B
:10CCDC00BC21C3F8BC21D3F8B041002CFBD14FF0E0
:10CCEC00FF32C3F8B421D3F8843100F02DFD604B32
:10CCFC001C60FC0103D55F4B1B6803B19847B8015E
:10CD0C0003D55D4B1B6803B19847790708D5564B83
:10CD1C00D3F8843113F4007347D0584B01221A70A6
:10CD2C00514BD3F848311A060AD53B0608D5544A5C
:10CD3C0013782BB1013BDBB21370002B00F0728225
:10CD4C0003B0BDE8F08F4F49C2F8BC31086803420C
:10CD5C0040F0D181464A14681C40B1D05FEA1448B7
:10CD6C0010D0424E4FF0010998FAA8F5B5FA85F5A6
:10CD7C0006EBC51009FA05F54030FFF7C5FE38EA99
:10CD8C000508F1D1A4B2002C9AD0384E4FF001080E
:10CD9C0094FAA4F5B5FA85F506EBC51008FA05F575
:10CDAC00FFF7B2FEAC43F3D18AE7344A1370B7E70E
:10CDBC00802B7FF478AF344802210580FFF7C0FE4A
:10CDCC0075E7B3F5A06F00F00B81A3F5D063012BD1
:10CDDC003FF669AF2D4B5D68002D3FF464AF1FFA31
:10CDEC008CFC4FEA124E04E01D690C33002D3FF40D
:10CDFC005AAF1A887245F7D15A886245F4D14FEA76
:10CE0C001E22032A00F0A5811A89000C824228BF39
:10CE1C000246BEF5007F40F0A181184B1C491878E2
:10CE2C001C4B0192002818BF19461B48FFF7BAFA91
:10CE3C00194D019AE1E142F221218B427CD033D988
:10CE4C0042F221318B4200F081804FF6C0018B42BF
:10CE5C007FF429AF10F47F4F83B27FF424AF43F4F7
:10CE6C006E4363F30F0CB5E700002E40000000206A
:10CE7C0038270020D4280020D8280020F5280020AE
:10CE8C00F628002034270020B02700209C0D00201D
:10CE9C00C81E00602C1F0060000020202C270020E2
:10CEAC005DCFC6B8C0012E40B3F5106F66D042F20C
:10CEBC0021018B427FF4F7AE030C072B7FF4F3AE0A
:10CECC00B24BB349F560D960B249B360C3F808906E
:10CEDC00C1E9002001221A60AF4A5A60AF4A1A61B8
:10CEEC00D4F8B01141F00101C4F8B01102F5805131
:10CEFC0002F5005259619A61D4F8B031002BFBD184
:10CF0C00A74AF36493600123B264136048F2800370
:10CF1C0053604FF00113C4F8BC31D4F8B03143F472
:10CF2C008033C4F8B0314FF48033CAF80030D4F8F1
:10CF3C00B031002BFBD1BAE680B238B9994BC2F3B1
:10CF4C0007421968984B1960984B1A70944B002241
:10CF5C009A60F2640122B3641A6080225A604FF026
:10CF6C000113C4F8BC31D4F8B03143F48033C4F8A5
:10CF7C00B031D4F8B031002BFBD198E6C2F30742A4
:10CF8C008B4B1A708B4BC4F8C8318B4BC4F8CC311B
:10CF9C008A4BC4F8D03100F0D9FB8022294688484E
:10CFAC0001F090FE874B8022C6F8A0B0C6F8E030A6
:10CFBC007B4BF5645A600122B3649D601A604FF09C
:10CFCC000113C4F8BC31D4F8B03143F48033C4F845
:10CFDC00B031CAF80050D4F8B031002BFBD166E662
:10CFEC006F4B0121F564196080219D60B364596019
:10CFFC004FF00113C4F8BC31D4F8B03143F4803392
:10D00C00C4F8B031D4F8B031002BFBD1130C5B0653
:10D01C0043F08073C4F8543149E6654B01216A48EA
:10D02C001B780370FFF78CFD41E683B210F078009B
:10D03C007FF439AE03F07F0258F82210624A108058
:10D04C00180600F19E80CB0701D501231370022135
:10D05C005D48FFF775FD2AE610F0780F83B27FF478
:10D06C0022AE03F07F0213F0800F58F8223014BF69
:10D07C0043F4803343F0010348F822300022484B3C
:10D08C00F2649A600122B3641A6080225A604FF0F5
:10D09C000113C4F8BC31D4F8B03143F48033C4F874
:10D0AC00B031D4F8B031002BFBD100E603F07F0295
:10D0BC0013F0800F58F8223014BF23F4803323F080
:10D0CC00010348F822300022354BF2649A600122A9
:10D0DC00B3641A6080225A604FF00113C4F8BC315B
:10D0EC00D4F8B03143F48033C4F8B031D4F8B03153
:10D0FC00002BFBD1DBE50020086026490C88486832
:10D10C0042F221018C427FF425AE80B200287FF4DC
:10D11C0021AE2E492E4C03C9A18086284FEA11411D
:10D12C002060A1717FF416AE72B62A48017841F0E6
:10D13C0008010170D2F848110D0605D48020014376
:10D14C00C2F84401C2F8481162B6234A502111704A
:10D15C0000E6000C2A78824228BF0246BEF5E06F3A
:10D16C0044D11E4B1E4D18781E491F4B01920028AE
:10D17C0018BF19462846FFF715F907236B70019A5B
:10D18C003BE0C9033FF561AF61E700BF401B0020E6
:10D19C002C370020E81C0020800007002C470020C2
:10D1AC00201B0020C0280020D0280020F3280020BD
:10D1BC00F42800200200CC00C80002000200C800C5
:10D1CC00800000201993D574B02700202C27002054
:10D1DC00C8280020EF280020F6280020F528002081
:10D1EC00000020202C1F0060C81E00602946104D36
:10D1FC0001922846FFF7D6F8019A25F01F03154433
:10D20C00BFF34F8F4FF0E021C1F8703F20339D42A8
:10D21C00FAD8BFF34F8FBFF36F8F05481146FFF756
:10D22C008FFC44E50320FFF7D7FC02F05DF800BF4C
:10D23C00000020202DE9F0471F46831E022B01D948
:10D24C00BDE8F087DFF84C9015460C463C2209EB04
:10D25C00C01806464FEAC01A002108F10400240445
:10D26C0001F030FDB5FA85F20123520944EA42740B
:10D27C0049F80A40C8F83870C8F80830002FDFD0D9
:10D28C00034AB34011680B431360BDE8F08700BF3D
:10D29C0038270020000000202DE9F0470D46811EA4
:10D2AC00022901D9BDE8F087C701DFF84C909246FE
:10D2BC00044640373C2200211E4609EB07082D048A
:10D2CC0008F1040001F0FEFCBAFA8AF2520945EAB0
:10D2DC00427249F807200122C8F83860C8F80820C3
:10D2EC00002EDFD0034B10341968A2400A431A6099
:10D2FC00BDE8F08738270020000000201204816070
:10D30C00C36101F5405342F0800210B40124426025
:10D31C0001F50052046001F5805401F58041C460B0
:10D32C0081615DF8044BC0E904237047831E0A46F3
:10D33C00022B00D97047064B00F110014FF0010C85
:10D34C0003EBC0100CFA01F14030FFF799BB00BFA2
:10D35C0000000020831E0A46022B00D970470121D1
:10D36C00024B814003EBC010FFF78ABB000000208A
:10D37C0040687047124A134BD2F8200220F07F40CD
:10D38C00984210B584B002D200EB800040000E4CE5
:10D39C0001A90A22FFF7A4F801A90023204611F8DD
:10D3AC00012B01333AB10A2B20F8022FF7D11623A7
:10D3BC00237004B010BD5B00DBB2237004B010BD51
:10D3CC0000441F4080969800C015002000F0DCBA85
:10D3DC0000F0ACBA00F010BB00F0CABA00F066BBAB
:10D3EC0000F03CBB0846114600F02CBBF8B5144CC1
:10D3FC004FF0E025134E4FF4003204EB4024124F53
:10D40C0006EB40160346C5F88C2121463A88304677
:10D41C00FFF774FF3B882344BFF34F8FC5F85C4F75
:10D42C002034A342FAD8BFF34F8FBFF36F8F032082
:10D43C003146FFF78FFF4FF40033C5F80C31F8BDC0
:10D44C0080002020601B0020DC280020244B2DE9CC
:10D45C00F0411C884368C569C3F30E43E41A002CE1
:10D46C0024DD204920480A780078D3B21F4E82422E
:10D47C001F4807D010F8038036F81870C7F50072F3
:10D48C00944218D90133002226F81540082B194E66
:10D49C0088BF134626F8152098BFDAB2C554164B30
:10D4AC000A701A6814441C60BDE8F0812846BDE877
:10D4BC00F041FFF79BBF07EB482010492246274459
:10D4CC00084401EB4521FEF76DFF0B4A284626F870
:10D4DC00187013682344BDE8F0411360FFF786BF52
:10D4EC00DC280020ED280020EE280020BC2700209E
:10D4FC00DC270020CC270020B8270020800020202B
:10D50C001D4B1A78002A36D102F0FF031B4A127801
:10D51C008AB32DE9F0411A4D2A8852B3194EC2F53F
:10D52C000068194F3278194C07EB421704EBC224F0
:10D53C00424638462146FFF7E1FE04EB0802BFF3F2
:10D54C004F8F4FF0E023C3F8704F2034A242FAD82B
:10D55C00BFF34F8FBFF36F8F04203946FFF7E6FE02
:10D56C0033780133DBB2032B88BF002333700023E5
:10D57C002B80BDE8F0817047F2280020F4280020B1
:10D58C00DE280020F1280020601C002080102020C4
:10D59C002DE9F04F85B0CDE90110002900F0BF80D6
:10D5AC000023604CDFF89881DFF898A15E4F009360
:10D5BC0001235E4A23705E4B1978B8F8003002EBF9
:10D5CC004119002B40F0A7801E461D469B4648463D
:10D5DC00FFF7CEFE10F0800000F08C80BFF34F8F71
:10D5EC009AF8003084F800B005B93E68002B7DD164
:10D5FC003B689B1B782B00F287804E4B1B78002BD3
:10D60C0074D000F09DFA0122B8F800301546227053
:10D61C00002BDCD0464AC3F5006011781A4600EBAB
:10D62C00C120454DC9022844019D954217D2039350
:10D63C00DDE901512A46FEF7B5FE039B4FF040424F
:10D64C005B1BA8F800303D4BC3F88420BFF34F8F11
:10D65C00009800232844237005B0BDE8F08F364BAA
:10D66C00CD180299FEF79EFE00234FF40062294666
:10D67C004846FFF743FEBFF34F8F05F1200205F537
:10D68C000063934234BF012340234FF0E02205EBAB
:10D69C004313C2F8705F2035AB42FAD1BFF34F8F02
:10D6AC00BFF36F8F04204946FFF740FE204A1378E2
:10D6BC000133DBB2032B84BF00231D4A1370B8F86F
:10D6CC000030019AD11A009A1A4401910092029AE0
:10D6DC001A4400230292194AA8F80030C2F8843088
:10D6EC00BFF34F8F237000297FF462AF009805B011
:10D6FC00BDE8F08F4FF400620D4B8AF800001978EA
:10D70C001346A8F800208AE7012300988AF8003015
:10D71C0005B0BDE8F08F1A46C3F500607FE70198AD
:10D72C00E5E700BFF2280020C0280020601C002084
:10D73C00F1280020F42800208010202000002E402A
:10D74C00DE280020F0280020704700BF2D4B002160
:10D75C0080222D4870B51B7800242C4D8B422C4E0A
:10D76C000CBF40234FF400732B80338001F0AAFAD6
:10D77C00284A2146284B14704FF4807227481C808D
:10D78C0001F0A0FA264A1021264B0220C2E90044DF
:10D79C00C2E90244244AC3E900441470234AC3E991
:10D7AC000244234B1C70234614602246FFF774FD81
:10D7BC002246318803201F4BFFF73CFD23460122F4
:10D7CC0029880420FFF768FD20460134FFF70EFE80
:10D7DC00082CF9D1184B00214A221848184C046027
:10D7EC00C3F88410C3F88020D3F84821154942F0BF
:10D7FC008072C3F8482121B1134A137843F0010316
:10D80C00137070BDF5280020601C0020E02800205B
:10D81C00DC280020F1280020DE280020601B0020DE
:10D82C00BC270020CC270020ED280020B8270020A2
:10D83C00EE280020BDB4000000002E40D4280020AB
:10D84C0071B5000000000000F72800202DE9F04F12
:10D85C004FF0E0234FF40032DFF8C8A083B0C3F8D8
:10D86C008C218B469AF8004000294FD08046E4B2B8
:10D87C000027DFF8B490264BABEB070225491B7849
:10D88C00A34204F101043FD0092C234B404628BF8E
:10D89C0000241E5D39F816C00CEB462319441F4BAF
:10D8AC0033F81650A5EB0C05AA421CD20CEB462CF7
:10D8BC0018491B4C61440192FEF774FD216839F83C
:10D8CC0016505846019AA1EB0B012A44394429F809
:10D8DC00162021604FF0E0234FF40032C3F80C21E6
:10D8EC0003B0BDE8F08F2A462F44FEF75BFD0C49D0
:10D8FC00E3B230460A68A844521B0A608AF800302A
:10D90C00FFF774FDBB45B6D83846E3E70846E1E7B8
:10D91C00ED28002080002020DC270020BC270020E0
:10D92C00B8270020EE280020CC2700200B4B0C4AF7
:10D93C0012781978D3B28A420DD0013309480A4AB9
:10D94C00092B0A4928BF0023C35C31F8131002EBE2
:10D95C004323585C70474FF0FF307047ED28002090
:10D96C00EE280020DC27002080002020CC2700207F
:10D97C00044B10B51C680CB1204610BD00F0E0F84B
:10D98C00204610BDB82700202DE9F84F144E154D38
:10D99C0033782A78934221D0DCB2DFF85090DFF84C
:10D9AC0050B0DFF85080104F0134082C5FFA84FA25
:10D9BC0001D90024A24619F80400DBF8003038F82D
:10D9CC00102037F81010521A9B1ACBF80030FFF7C2
:10D9DC000DFD86F800A02B78A342E5D1BDE8F88FA9
:10D9EC00EE280020ED280020CC270020DC2700208A
:10D9FC00B8270020BC27002000B583B001210DF111
:10DA0C000700FFF723FF20B19DF8070003B05DF876
:10DA1C0004FB4FF0FF30F9E7094B00B583B01B78DE
:10DA2C008DF807003BB101210DF10700FFF7B0FDA8
:10DA3C0003B05DF804FB03F0FF0003B05DF804FBDA
:10DA4C00F4280020044B1B7803F0FF020BB1FFF706
:10DA5C009FBD1046704700BFF42800202DE9F0410F
:10DA6C000024DFF8448001230D4D27460D4E88F825
:10DA7C000030337828462035A34204F1010405D048
:10DA8C00FFF776FC030658BF07F50067042CF0D1AE
:10DA9C00BFF34F8F0023384688F80030BDE8F08183
:10DAAC00601C0020F1280020F22800202DE9F8430A
:10DABC001D4B1B7813B11D4D2A880AB9BDE8F8839C
:10DACC001B4EC2F500691B4933784A461A4C01EBD0
:10DADC0043181A4F04EBC324012340463B702146E4
:10DAEC000023FFF70BFC04EB0902BFF34F8F4FF041
:10DAFC00E023C3F8704F2034A242FAD8BFF34F8F03
:10DB0C00BFF36F8F04204146FFF710FC33780133CD
:10DB1C00DBB2032B88BF0023337000232B80BFF3B1
:10DB2C004F8F3B70BDE8F883F4280020DE280020DE
:10DB3C00F1280020601C002080102020F2280020FA
:10DB4C002DE9F8432D4B1E7866B12D4F3B784BB920
:10DB5C000123F1073B7043D4B20726D400233B705A
:10DB6C00730701D4BDE8F883264B1A68002AF9D054
:10DB7C00EFF30582002AF5D1EFF3108572B6186821
:10DB8C00002834D0204C2178002930D10122227079
:10DB9C0042691A60002A2ED0916105B962B600253F
:10DBAC008368457798472570DCE7DFF8648098F840
:10DBBC000030002BD2D00025DFF858902B4659F8B6
:10DBCC0023400135236820461B69984710B16369CF
:10DBDC009B68984798F80020EBB29A42EFD8BDE7C3
:10DBEC00FFF7C6FE0028B7D0AFF30080B4E7002DD6
:10DBFC00B8D162B6B6E7054B1A60CEE7F72800201D
:10DC0C00E928002058260020E72800206426002060
:10DC1C00E82800206826002001207047B0F8463024
:10DC2C00B0F848209BB292B2934202D2013AD01A79
:10DC3C007047416B01390A44D01A7047016972B6BA
:10DC4C00B0F84A20B0F84C3092B29BB29A423CBF2A
:10DC5C00806B1218C86AD31A62B6C0F302601844FB
:10DC6C00704700BFB0F84A100246B0F84C3089B289
:10DC7C009BB2994210B4046914D00133906B116BB0
:10DC8C00984298BF0023994206D85B1A526AD05C1E
:10DC9C00C0B25DF8044B7047126A5DF8044BD05C5F
:10DCAC00C0B2704772B6B0F84A0080B2814201D05F
:10DCBC0062B6E2E7E36A13F0E06F03D14FF0FF3096
:10DCCC0062B6E6E7E36901200024116AA2F84A0073
:10DCDC00C3F30900DBB2A2F84C404B70F0E700BF75
:10DCEC00B0F84A100246B0F84C3089B29BB2994257
:10DCFC0030B4046925D00133946B9C4216D9106B57
:10DD0C001FFA83FC984217D9106AC05CC0B2956D9B
:10DD1C00A2F84CC045B199421CD3CB1AD16B994295
:10DD2C0002D3D36DC5F8883030BC70474FF0000C6F
:10DD3C00106B63469842E7D8181A556A285CC0B233
:10DD4C00E5E7084672B6B2F84A1089B2884204D0A8
:10DD5C0062B6D0E70C44E31AE0E7E36A13F0E06F35
:10DD6C0003D14FF0FF3062B6DEE7E069C0F3090083
:10DD7C00F9E700BF90F8443043B110B50446FFF703
:10DD8C00DFFE94F84430002BF9D110BD704700BF72
:10DD9C0038B5D0E90453D3E903120968114228D0ED
:10DDAC0090F84420044632B1FFF7CAFE94F8443090
:10DDBC00002BF9D1636900210E4AA961207E03EB87
:10DDCC000010007D02EB0010456805202860657E80
:10DDDC0003EB051393F8343002EB0312A36D526876
:10DDEC001060A4F84A10A4F84C1013B1E26DC3F8FB
:10DDFC00842038BD4009002007EE901A9FED9A7AD6
:10DE0C000421B6EE005AF8EE677A9FED986A41F657
:10DE1C00FF7CC7EE275A2DE9F0478E460569012491
:10DE2C0007EE901AF8EEE77A85EEA77A77EE057A88
:10DE3C00FDEEE77A17EE903A6345A8BF6346012BD7
:10DE4C00B8BF012307EE903AF8EEE76A76EEC76AA0
:10DE5C00C6EE877AF5EEC07AF1EE10FA48BFF1EE15
:10DE6C00677AF4EEC67AF1EE10FA03D8B0EE676A70
:10DE7C008E461C4601312129D2D10021436902F47E
:10DE8C000076A0F84A10B3F85AC08E42A0F84C1095
:10DE9C00B3F85860A0F84610A0F8481080F8441069
:10DEAC00816BDF68A1EB0606A1EB0C01C0E90F61E9
:10DEBC0039681E6941EA0601396014BF012100214D
:10DECC00817640F0AC80017E694E03EB0118DFF8DF
:10DEDC00C09198F81470D8F81CA006EB0717B96815
:10DEEC00C1F800907968D8F818700F60BAF1000F7B
:10DEFC0003D0D8F82010CAF80010477ED92103EBC4
:10DF0C00071898F834C006EB0C1CDCF80870396064
:10DF1C00DCF80410D8F838700F60417E03EB011167
:10DF2C00CF6B0FB1096C39600EF1FF31BEF1080FE8
:10DF3C004FEA0161CCBF4FF0000E4FF0010E01F023
:10DF4C00F85144EA4E4421435C682961597801F147
:10DF5C0010030021E960474941F8234041694FF023
:10DF6C00010E454C02F0030C4F7891F85610434BC0
:10DF7C0039554FF002174469617803EB511301F0E6
:10DF8C001F019B000EFA01F11960EF62AB6A43F0BE
:10DF9C008803AB6253073ED44CF4701302F00F01AC
:10DFAC00042908BF43F0804397062ED5817E43F0A9
:10DFBC00805300293AD11607AB6103D52B6943F086
:10DFCC0000532B616B69D10623F0805348BF43F09B
:10DFDC0080536B61D30503D52B6943F400532B613C
:10DFEC00A36883B1264E3478002C3AD0611E254D9F
:10DFFC00C9B22B1F05EB810101E0994225D053F8E2
:10E00C00042F9042F9D1BDE8F087817E0029D2D04F
:10E01C0043F0A003CFE71C4B4CEA0303BEE7477E5B
:10E02C004FF2D901124E03EB07186AE7417E43F019
:10E03C00A00304EB011191F8341006EB0116B6683D
:10E04C00316821F440413160B5E7631CDBB20F4A03
:10E05C003370137845F8240043F002031370BDE8C5
:10E06C00F0870123074DF2E7001BB74BEC78AD604E
:10E07C00400900200018002000E400E0403800387F
:10E08C00E82800206826002010003C00F72800201B
:10E09C0038F00100EFF31380B8B9EFF310834BB9EC
:10E0AC00EFF305823AB94FF48073EFF3118050B15E
:10E0BC00984208D270470F2AF7D9054B9B5CEFF3B7
:10E0CC0011800028F4D1184670474FF0FF30F1E76B
:10E0DC00F0E300E0036D2DE9F04104460F460669BC
:10E0EC0013B1426DC3F88420A37E2BB172B6B36911
:10E0FC0043F00053B36162B6B4F84650636BADB2F3
:10E10C000135AB424CD84FF000084546B4F84830C6
:10E11C009BB29D4219D028E073691B0210D5B4F84C
:10E12C004830626B9BB201339A4236D99AB2E16A9B
:10E13C0099422DD9E169CB5CDBB2F361A4F848209C
:10E14C00B4F848309BB2AB420FD1FFF7A3FF636921
:10E15C00B3F856308342DFDAFF28F1DDFFF7F0FC2D
:10E16C00B4F848309BB2AB42EFD0E36AAB421AD959
:10E17C00FFB2E3695F5572B6012084F84400A4F83D
:10E18C004680B36943F40003B36162B6BDE8F08125
:10E19C005B1AA16ACB5CDBB2CFE700221346C6E761
:10E1AC001FFA85F8B2E7ED1AFFB2A36A5F55E2E7F2
:10E1BC00FFF790BF0269536913F4401F70B543D049
:10E1CC00D36A13F0E06FC3F3026E3AD0B0F84A5042
:10E1DC00B0F84C60ADB2B6B207E0016A01F803C00A
:10E1EC000EF1FF3313F0FF0E1DD0D1696B1C846B45
:10E1FC00B0F84CC0C1F309019C4298BF00231FFA30
:10E20C008CFC9C45ECD0046B5FFA81FC1D469C4257
:10E21C00A3EB0404E1D8436A03F804C00EF1FF3306
:10E22C0013F0FF0EE1D1ABB2A0F84A30836D43B1CD
:10E23C00B54254D3AD1B016CA94202D8C16DC3F8D1
:10E24C0084105369D90245D49669330228D5536991
:10E25C001D0225D5B0F84650B0F84830ADB29BB28F
:10E26C0006E0C169C95CC9B2D161D16A4C0512D44E
:10E27C00AB4238D0446B0133C16A9C4298BF002337
:10E28C009942A3EB0104ECD8816A095DC9B2D16152
:10E29C00D16A4C05ECD599B2AB42A0F8481025D008
:10E2AC00710216D553695B0213D50021036D80F8FA
:10E2BC00441013B1416DC3F88810837E2BB172B634
:10E2CC00936923F00053936162B6936923F480033E
:10E2DC00936170BD536943F480135361B4E7816B50
:10E2EC00891B0D44A7E79BB2A0F84830936923F42F
:10E2FC0000039361936943F480039361D0E700BFFB
:10E30C00A249A34B88422DE9F047A24C5E699A6959
:10E31C00D4F80C801BD9A04B984240F20281C31A4E
:10E32C009E491B0AA1FB031340F22761DB0903EB97
:10E33C00830303EB830303F2E2438B4228BF0B46B8
:10E34C00A3F54877964BA3FB0737FF0804E0954FDE
:10E35C00B8428CBF0E2706278D4908F01F09D1F84B
:10E36C008030B94543F0C003C1F880300CD228F09E
:10E37C001F08A1F5F82148EA0708C1F80C800B68C2
:10E38C00002BFCDA08F01F0916F0007324D1864923
:10E39C000C698649A14300F0EA8082F4805134462E
:10E3AC004FF4805514F0605F04D026F060561E4385
:10E3BC00774B5E6111F4405F07D022F440527449F0
:10E3CC002A438A618B6C1A07FCD446F00076704A9B
:10E3DC005661936C9B06FCD4754CA04200F2CE8027
:10E3EC004FF0010C0146634603FB011203F1010ED1
:10E3FC000CF10105A24218D8BEF1080F4FF0010331
:10E40C0040F08D80BCF1040F00F291800A18A242FA
:10E41C0000F2A48005FB00F1AC4603F1010E03FBF6
:10E42C0001120CF10105A242E6D90CF1FF318C026C
:10E43C0086EA81215F4810445F4A90427FD9DFF819
:10E44C00A4A16C225D48584DB0FBFEF0D5F800E05D
:10E45C00B0FBFCF0DFF890C10EEA0C0CD44509D0EF
:10E46C0042F400524FF4805CC5F800C02A602A6860
:10E47C00002AFCDA464A156905F007059D4203D0CF
:10E48C001361936CDD03FCD411F4E05F09D026F426
:10E49C00E05604F4E0543E4A26435661936C9907C7
:10E4AC00FCD44749474A014491423CD8464BC909E0
:10E4BC00A3FB0131090B4B1E1B0286EA030212F46B
:10E4CC00407F06D026F4407603F44073304A334341
:10E4DC0053612F4A536923F000735361936C9B066D
:10E4EC00FCD43A4B4F45A3FB00234FF0FF324FEACD
:10E4FC009343B0FBF1F1B2FBF3F3354A1060354AAC
:10E50C001160354A136008D228F01F08214A48EAE6
:10E51C000707D7601368002BFCDABDE8F087734659
:10E52C0062E7122718E74FF440730421C5E70CF19A
:10E53C00FF31204807238C02104486EA8121274AA8
:10E54C00DFF8A8A0A2FB0020020D2548362A38BF10
:10E55C00362202FB00F042EA0A0A74E74FEA8C24E6
:10E56C00002386EA8C214FF0010EAC4662E71D4673
:10E57C0086F0C05411464FF0C05313E700244FF0FF
:10E58C00010C024631462346E64653E700A4781FA9
:10E59C0000C00F40000008400046C32323B24C00CB
:10E5AC001F85EB5100366E0100800D40403000801D
:10E5BC00FFB19F26808D5B00FF7EF64D00643F4DC2
:10E5CC007FD1F0087F17B42C9F10E50083DE1B432E
:10E5DC00641300206013002098280020819F5E1691
:10E5EC00001BB7006C2000807F3001800020008071
:10E5FC0008B5D0E900325BB1BAB10F4BA3FB0213E3
:10E60C00DB0803EB4303B2EB83030AD1012008BD03
:10E61C00094BA3FB0213DB0803EB4303B2EB8303AD
:10E62C0001D0D21A4260F02AF0D800F0F5FB1C227F
:10E63C00034600201A6008BDABAAAAAA70B504460E
:10E64C0038B319B1B2FA82F67609A2B9206800B3D0
:10E65C006268F2B1184B194902FB03F3B1EBB30F2B
:10E66C0017D3A368E3B90022012322606260A26081
:10E67C00E260184670BD1D46049BC0E90012C360E1
:10E68C00FFF7B6FF03460028F3D06DB901231846F7
:10E69C0070BD00F0C1FB162200230260184670BD4D
:10E6AC00002100F00FFBDEE7626831462068A560B0
:10E6BC0000F008FB0123DCE7ABAAAAAA55555515B7
:10E6CC0003460846194600F0C7BA00BF024B014684
:10E6DC00186800F00BB800BF200E0020024B01465A
:10E6EC00186800F0F7BC00BF200E00202DE9F04F99
:10E6FC0001F10B06162E83B0044624D8102900F223
:10E70C00BA8000F09DFA102618220220B74F3A4426
:10E71C00A2F1080153688B4200F0BA805A68D9689C
:10E72C0022F003021A449D68E9608D60516841F043
:10E73C0001012046516003F1080500F087FA2846D4
:10E74C0003B0BDE8F08F36F0070600F19480B142BB
:10E75C0000F2918000F074FAB6F5FC7FC0F096815F
:10E76C00730A00F08F80042B00F26B81B30903F164
:10E77C00390003F1380CC3009C4F3B44A3F108054E
:10E78C005B689D4206D10CE0002980F22B81DB688E
:10E79C009D4206D05A6822F00302911B0F29F3DD2B
:10E7AC0060463D69DFF848C265457CD06A6822F056
:10E7BC000302931B0F2B00F37781002BC7E904CCCA
:10E7CC0080F26881B2F5007F80F01681D3087968F9
:10E7DC0001334FEA521E012202FA0EF20A4357F895
:10E7EC0033E0C5F808E007EBC3010839E9607A604B
:10E7FC0047F83350CEF80C508310012199409142C8
:10E80C0057D8114206D120F003004900114200F103
:10E81C000400FAD007EBC0094D468646D5F80C80AB
:10E82C00454508D119E1002B80F22081D8F80C80E5
:10E83C00454500F01281D8F8042022F00302931B06
:10E84C000F2BF0DD2046D8E9025408EB060146F008
:10E85C000106C8F80460EC60A56043F00104C7E948
:10E86C000411C1E902CC4C6048F8023000F0EEF91A
:10E87C0008F1080502E00C2323600025284603B0AC
:10E88C00BDE8F08F4FF4007340204FF03F0C73E75E
:10E89C00D3689A4208BF02307FF440AF3D69DFF87D
:10E8AC0050C1654582D17A6883100121994091420B
:10E8BC00A7D9BD686B6823F00308464503D8A8EBBD
:10E8CC0006030F2B7EDCDFF82C91D7F80824D9F83F
:10E8DC0000300132334405EB080A00F02F8103F5B8
:10E8EC0080530F3323F47F6B2BF00F0B59462046CC
:10E8FC0000F080FA411C024600F0EF80824500F2E5
:10E90C00EA80D9F804105944C9F804100B4600F0F9
:10E91C004B81D7F8081401311BBFA2EB0A0A5344F0
:10E92C00C7F80824C9F8043012F0070300F012816C
:10E93C00C3F108010A44C3F5805193440831A1EB9B
:10E94C000B01C1F30B0A514620460192009300F0D3
:10E95C0051FA421CDDE9003200F04B81801A00EBC9
:10E96C000A0BD9F80400BA604BF001030AEB000162
:10E97C00BD425360C9F8041000F02281B8F10F0FAA
:10E98C0040F220816B68A8F10C0020F0070003F026
:10E99C00010303436B604FF0050C2B180F28C3E9E0
:10E9AC0001CC00F22D8153681546D9F82C208A42EF
:10E9BC00D9F8302038BFC9F82C108A4238BFC9F8B2
:10E9CC0030108CE0AA1943F0010346F001066E608A
:10E9DC002046BA60536000F039F90835284603B078
:10E9EC00BDE8F08FD9681A449DE600BF4C0F00209B
:10E9FC00540F00201C1D0020B2F5206F4FEA52234B
:10EA0C0063D3142B00F2B88003F15C01C9005B33B3
:10EA1C0007EB010E7958AEF1080E8E4500F091808F
:10EA2C004B6823F00303934202D989688E45F7D1D2
:10EA3C00D1F80CE07A68C5E9021ECEF80850CD601A
:10EA4C00DAE6142B59D9542B00F29E80330B03F1C8
:10EA5C006F0003F16E0CC3008EE60EF1010E1EF07A
:10EA6C00030F05F108057FF4D9AE51E04244454649
:10EA7C005368D8F80C1043F00103536055F8083F65
:10EA8C002046D9608B6000F0E1F8F7E6F00806F15B
:10EA9C0008023BE62A442046536843F001035360C6
:10EAAC00083500F0D3F8E9E6A919204646F001062E
:10EABC0043F001046E60C7E90411C1E902CC4C605B
:10EACC00AB5000F0C3F80835D8E6930903F13901CF
:10EADC00C90038339CE7BD4260D0BD686B6823F039
:10EAEC00030B5E45ABEB060302D80F2B3FF76AAF67
:10EAFC00204600F0ABF80025C0E603F15C0003F102
:10EB0C005B0CC30038E659F808394B4540F0968049
:10EB1C0010F0030F00F1FF30F5D17B6823EA0103FD
:10EB2C007B60490099423FF6C4AE19B9C1E6490071
:10EB3C000EF1040E1942FAD070466BE603F1100B7D
:10EB4C00D4E69A104FF001087B6808FA02F21A43D7
:10EB5C007A6070E702EB0B014942C1F30B0A514694
:10EB6C0020460193009200F045F9431CDDE9002397
:10EB7C007FF4F4AE9A46F4E6542B26D8130B03F12B
:10EB8C006F01C9006E3343E7B3F5AA7F26D8F30BA8
:10EB9C0003F1780003F1770CC300EDE5D9F80430EC
:10EBAC005B44C9F80430B4E6CAF30B0000287FF4C8
:10EBBC00B0AEBD6808EB0B0343F001036B60F4E6E9
:10EBCC001546F2E60123536092E7B3F5AA7F21D8EC
:10EBDC00D30B03F17801C900773319E740F2545293
:10EBEC00934221D8B30C03F17D0003F17C0CC300DC
:10EBFC00C2E5083B9B44ABEB020B4FF0000AB0E6BE
:10EC0C0005F10801204600F065FABD68D9F804103A
:10EC1C006B68CAE640F254518B420BD8930C03F14B
:10EC2C007D01C9007C33F3E64FF47E737F204FF0F7
:10EC3C007E0CA1E54FF47E717E23E9E67B6870E7DC
:10EC4C00014800F01DB900BFA01E0020014800F0D3
:10EC5C001FB900BFA01E002013460A460146022021
:10EC6C0000F0A4B9032A70B514D940EA01039B073C
:10EC7C0022D104460B46194620460E680568B5425B
:10EC8C0004F1040403F1040316D1043A032A2046C8
:10EC9C001946F0D8541E9AB1421E013901E0C3182E
:10ECAC000CD012F801EF11F801CFE645A4EB0203EA
:10ECBC00F5D0AEEB0C0070BD541EEDE7184670BDE0
:10ECCC00104670BD830730B548D0541E002A3FD083
:10ECDC00CAB2034601E0013C3AD303F8012B9D076D
:10ECEC00F9D1032C2DD9CDB245EA05250F2C45EAD7
:10ECFC00054536D9A4F1100222F00F0C03F1200EB9
:10ED0C00E6444FEA121C03F1100242E9045542E9B1
:10ED1C00025510327245F8D10CF1010214F00C0FAF
:10ED2C0003EB021204F00F0C13D0ACF1040323F02C
:10ED3C0003030433134442F8045B9342FBD10CF0FD
:10ED4C0003042CB1C9B21C4403F8011B9C42FBD137
:10ED5C0030BD64461346002CF4D1F9E70346144643
:10ED6C00BFE71A46A446E0E7002A3ED040EA01037A
:10ED7C009B0730B584462FD1032A2DD90B4608E0CA
:10ED8C00043A8446194625D01EF0803F22D1032A2E
:10ED9C0022D90468194653F8045BA4F1013EAC4235
:10EDAC0084462EEA040E00F10400E9D09CF8000021
:10EDBC000C78A0421BD1E64668B11EF8010F11F881
:10EDCC00014FA2EB0E03A04203F1FF330FD11CEB5A
:10EDDC000303F1D1002030BD9CF800000C78844274
:10EDEC0005D1012AF6D0E646E6E710467047001B2F
:10EDFC0030BD00BF38B5074D0022044608462A60D6
:10EE0C00FDF7F0FD431C00D038BD2B68002BFBD068
:10EE1C00236038BD8C1E0020014B1868704700BF62
:10EE2C00200E002070B50D4E0D4D761BB61006D081
:10EE3C00002455F8043B01349847A642F9D1094EF9
:10EE4C00094D761B00F04CFAB61006D0002455F88C
:10EE5C00043B01349847A642F9D170BD801E006076
:10EE6C00801E0060941E0060801E0060704700BF12
:10EE7C00704700BF704700BF704700BF704700BFAE
:10EE8C00704700BF0120704701207047704700BFDA
:10EE9C00704700BF000000000000000000000000F0
:10EEAC000000000000000000000000000000000056
:10EEBC000000000000000000000000000000000046
:10EECC000000000000000000000000000000000036
:10EEDC0090F800F06DE9024520F007016FF0000C8E
:10EEEC0010F0070491F820F040F049804FF0000436
:10EEFC006FF00700D1E9002391F840F000F1080011
:10EF0C0082FA4CF2A4FA8CF283FA4CF3A2FA8CF348
:10EF1C004BBBD1E9022382FA4CF200F10800A4FAAF
:10EF2C008CF283FA4CF3A2FA8CF3E3B9D1E9042303
:10EF3C0082FA4CF200F10800A4FA8CF283FA4CF33A
:10EF4C00A2FA8CF37BB9D1E9062301F1200182FAF4
:10EF5C004CF200F10800A4FA8CF283FA4CF3A2FAFA
:10EF6C008CF3002BC6D0002A04BF04301A4612BA08
:10EF7C00B2FA82F2FDE8024500EBD2007047D1E90B
:10EF8C00002304F00305C4F100004FEAC50514F09A
:10EF9C00040F91F840F00CFA05F562EA05021CBF6B
:10EFAC0063EA050362464FF00004A9E72DE9F04738
:10EFBC00DFF87CA00646DAF8000098460F4691462A
:10EFCC00FFF75EFF184B1C6824B365681F2D24DC0B
:10EFDC005EB96B1C0235DAF80000636044F82570EA
:10EFEC00FFF756FF0020BDE8F08704EB85010123F5
:10EFFC00C1F88890D4F88821AB401A43022EC4F88B
:10F00C008821C1F80881E4D1D4F88C211A43C4F8C2
:10F01C008C21DEE7054C1C60D7E7DAF80000FFF71F
:10F02C0037FF4FF0FF30DEE740200020B01E0020FD
:10F03C005C130020F8B5244F0C460646FFF700FE83
:10F04C00BB685D68C4F57E610F3125F003054B1973
:10F05C0023F47F6323F00F03A3F58054B4F5805F92
:10F06C0007DB00213046FFF7C5FEBB682B449842F6
:10F07C0004D03046FFF7EAFD0020F8BD614230466F
:10F08C00FFF7B8FE01300DD0104ABB682D1B45F0C0
:10F09C0001055D60136830461B1B1360FFF7D6FD3E
:10F0AC000120F8BD00213046FFF7A4FEBA68831A90
:10F0BC000F2BDEDD43F001035360054B03491B6846
:10F0CC00C01A0860D5E700BF4C0F0020201D00209F
:10F0DC0054130020002961D0F8B50C460646FFF702
:10F0EC00AFFD54F8042C7B4FA4F1080522F001016C
:10F0FC0005EB010CB868DCF80430604523F0030321
:10F10C0000F08B80D207CCF8043032D454F8082CA1
:10F11C00AD1A1144AA6807F1080082426AD00CEBC0
:10F12C000304D4F804E0EC68D4601EF0010FA26074
:10F13C0000F0978041F001036B60CCF80010B1F542
:10F14C00007F35D27868CB080122490901338A4007
:10F15C00024357F833107A6007EBC302083AC5E94B
:10F16C00021247F83350CD603046BDE8F840FFF747
:10F17C006DBD0CEB03025268D00710D4194407F193
:10F18C000800DCF80830834273D0DCF80C20DA601D
:10F19C00936041F001036B606950D0E7704741F018
:10F1AC000103B1F5007F44F8043CCCF80010C9D33E
:10F1BC00B1F5206F4FEA512348D28B0903F1390086
:10F1CC0003F13802C300F818FB580838984259D09C
:10F1DC005A6822F003028A4202D99B689842F7D1FE
:10F1EC00D868C5E902308560DD603046BDE8F8407E
:10F1FC00FFF72CBD0CEB03025268D20763D40B440F
:10F20C00DCE90212CA60916043F001026A60304688
:10F21C00EB50BDE8F840FFF719BD0B44D10707D4FC
:10F22C0054F8082CAD1A1344D5E90212CA60916047
:10F23C0043F001026A60284ABD6012689A4293D872
:10F24C00264B30461968FFF7F5FE8DE7142B0AD9CB
:10F25C00542B1FD80B0B03F16F0003F16E02C3008C
:10F26C00B1E719448DE703F15C0003F15B02C300C5
:10F27C00A9E741F00103C7E90455C5E902006B6039
:10F28C00695071E779689210012404FA02F20A437A
:10F29C007A60A6E7B3F5AA7F06D8CB0B03F178000A
:10F2AC0003F17702C3008EE740F25452934206D822
:10F2BC008B0C03F17D0003F17C02C30083E74FF458
:10F2CC007E737E227FE741F001036B60CCF8001067
:10F2DC004AE700BF4C0F0020581300201C1D0020D3
:10F2EC005FF800F0351E00605FF800F08D1D0060C7
:04F2FC00F8B500BFA2
:08F30000CCF3FF7F01000000C7
:10F3080000000000000000000000000000000000F5
:10F3180000000000000000000000000000000000E5
:10F3280000000000000000000000000000000000D5
:10F3380000000000000000000000000000000000C5
:10F3480000000000000000000000000000000000B5
:10F3580000000000000000000000000000000000A5
:10F368000000000000000000000000000000000095
:10F378000000000000000000000000000000000085
:10F388000000000000000000000000000000000075
:10F398000000000000000000000000000000000065
:10F3A8000000000000000000000000000000000055
:10F3B8000000000000000000000000000000000045
:10F3C8000000000000000000000000000000000035
:10F3D8000000000000000000000000000000000025
:10F3E8000000000000000000000000000000000015
:10F3F8000000000000000000000000000000000005
:10F4080000000000000000000000000000000000F4
:10F4180000000000000000000000000000000000E4
:10F4280000000000000000000000000000000000D4
:10F4380000000000000000000000000000000000C4
:10F4480000000000000000000000000000000000B4
:10F4580000000000000000000000000000000000A4
:10F468000000000000000000000000000000000094
:10F478000000000000000000000000000000000084
:10F488000000000000000000000000000000000074
:10F498000000000000000000000000000000000064
:10F4A8000000000000000000000000000000000054
:10F4B8000000000000000000000000000000000044
:10F4C8000000000000000000000000000000000034
:10F4D8000000000000000000000000000000000024
:10F4E8000000000000000000000000000000000014
:10F4F8000000000000000000000000000000000004
:10F5080000000000000000000000000000000000F3
:10F5180000000000000000000000000000000000E3
:10F5280000000000000000000000000000000000D3
:10F5380000000000000000000000000000000000C3
:10F5480000000000000000000000000000000000B3
:10F5580000000000000000000000000000000000A3
:10F568000000000000000000000000000000000093
:10F578000000000000000000000000000000000083
:10F58800496E697469616C697A696E6720534420B1
:10F59800636172642E2E2E2E00000000496E69747D
:10F5A80069616C697A6174696F6E206661696C65FE
:10F5B80064210000696E697469616C697A617469B3
:10F5C8006F6E20646F6E652E00000000496E6974CE
:10F5D80069616C69736174696F6E20646573206D0D
:10F5E8006F74657572732E2E2E00000046696E20AA
:10F5F8006465206C27696E697469616C69736174EC
:10F60800696F6E20646573206D6F74657572732EF3
:10F61800000000006572726F72206F70656E696E0F
:10F62800672066696C650000526561647920746FB3
:10F63800207265636569766520646174612066720D
:10F648006F6D206F75747369646520736F7572636D
:10F6580065000000FF0078018001430288018701EE
:10F668008C018B01920191019501F6019901980194
:10F678009A013D029E012002A801A701AD01AC013B
:10F68800B001AF01B901B801BD01BC01BF01F7016B
:10F69800C601C401C901C701CC01CA01DD018E013F
:10F6A800F301F101F501F4013A02652C3C023B0239
:10F6B8003E02662C42024102530281015402860135
:10F6C8005602890157028A0159028F015B02900193
:10F6D800600293016302940168029701690296012E
:10F6E8006B02622C6F029C0172029D0175029F01E0
:10F6F8007D02642C8002A6018302A9018802AE0162
:10F70800890244028A02B1018B02B2018C024502CD
:10F718009202B7017B03FD037C03FE037D03FF0315
:10F72800AC038603C203A303CC038C03CD038E036F
:10F73800CE038F03F203F903F803F703FB03FA037D
:10F74800CF04C0047D1D632C511F591F531F5B1F1D
:10F75800551F5D1F571F5F1F781FF81F791FF91F5F
:10F76800B31FBC1FCC1FC31FE51FEC1FFC1FF31FDB
:10F778004E21322184218321612C602C762C752C1A
:10F788000200000003000000040000000500000063
:10F798000600000007000000080000000900000043
:10F7A8006100E01AE000E017F800E007000101300E
:10F7B80032010106390101104A01012E79010106C1
:10F7C80082010104A0010106B3010104CD01011069
:10F7D800DE010112F8010128220201124602010A83
:10F7E800AD03DB03B103E011C303E009D80301183B
:10F7F8003004E0205004B010600401228A0401366D
:10F80800C104010ED00401446105D026001E0196F2
:10F81800A01E015A001F0808101F0806201F08080C
:10F82800301F0808401F0806601F0808701F4A029A
:10F83800721F5604761F64027A1F70027C1F7E02B4
:10F84800801F0808901F0808A01F0808B01F08029A
:10F85800D01F0802E01F08027021F010D024E61A19
:10F86800302CD02F672C0106802C0164002D002637
:10F8780041FFE01A1F1C1F1E1F1E1F1F1E1F1E1FD9
:10F888004361726420697320746F6F20736D616CBB
:10F898006C2E0D0A00000000466F726D61742044E2
:10F8A8006F6E650D0A000000466F726D6174204628
:10F8B80061696C65640D0A0042616420636C75734C
:10F8C80074657220636F756E740D0A0044657669FD
:10F8D800636520697320746F6F20736D616C6C0DA4
:10F8E8000A00000057726974696E67204641542007
:10F8F8000000000057726974696E67207570636153
:10F908007365207461626C650D0A00005772697432
:10F91800696E6720726F6F740D0A0000466F726D12
:10F92800617420646F6E650D0A000000466F726D89
:10F938006174206661696C65640D0A00455846412A
:10F9480054000000019E0000059E0000099E000072
:10F958000D9E00006CC00F40C0000000504F00001A
:10F96800F99600000CFF00001300000000000000E2
:10F978000000000024851F400BFF0000130000005A
:10F98800000000000000000028851F400DFF000057
:10F9980013000000000000000000000020851F4048
:10F9A8000A252400130000001200000012000000C5
:10F9B80001020300000000001C851F400000000039
:10F9C800000000000000000000000000E105000049
:10F9D800CD050000A9000000A5050000B50600003F
:10F9E80059050000010500000000000000000000AB
:10F9F800A16F0000AD6F0000A56F0000AD700000A2
:10FA08001D7800004D770000A977000049760000B6
:10FA1800297200005D7C0000BD6F0000316F00009E
:10FA2800ED7800001D6F0000216F0000296F0000B5
:10FA38002D6F0000417200007D7A0000057A0000F9
:10FA48005D750000156F0000256F00005D7B0000EC
:10FA58008578000021700000000000000000000010
:10FA680055A0000055B4000051B400004DB400008A
:10FA780049B4000045B4000041B400003DB40000A2
:10FA8800000000000000000021C200005DA000008E
:10FA98008DBC0000E5BD0000ADBC000051BD0000FC
:10FAA800D5BC000069BE000001BE000089BC000092
:10FAB80000000000000000000107000055070000DA
:10FAC800A9000000D9030000F5020000810300002E
:10FAD80055030000B10800005909000000000000AB
:10FAE80000000000E1050000CD050000A9000000AD
:10FAF800A5050000B5060000590500000105000035
:10FB0800000000000000000099070000D90700006D
:10FB180041050000B905000069060000E90400007D
:10FB2800910500003D0100002108000001040000CB
:10FB38001D040000C5000000B1000000ED00000039
:10FB48001905000039040000CD01000085020000FD
:10FB580015020000790100001506000000000000F1
:10FB68000000000089AA00005DA00000A9000000B4
:10FB7800AD00000089AA000089AA000089AA000037
:10FB880000000000000000007D1D00008D1F000027
:10FB9800511F0000991E0000FD1E0000451E0000B8
:10FBA800C51F0000B5200000F1200000CD21000095
:10FBB80000000000000000003D7E0000417E0000C3
:10FBC800AD7C000031820000798E0000F9870000CA
:10FBD8005D6500006D7E0000498E0000898F000081
:10FBE80081880000B55D0000A1850000CD7D000082
:10FBF800D97D0000A17C0000A57C0000A97C000044
:10FC0800E57D0000097E00002D7E0000AD82000029
:10FC1800517E000085800000F9820000CD8300003D
:10FC2800599A00005D9A0000659A00006D9A0000DC
:10FC3800D8399D270054EA2A00A4781F007B9A1718
:10FC480000000042C8801F40B8821F400800000022
:10FC580000000042C4801F40B4821F40040000001E
:10FC680000C0004224801F4014821F401000000082
:10FC780000C0004228801F4018821F40200000005A
:10FC880000C000422C801F401C821F404000000022
:10FC980000C0004234801F4024821F400001000041
:10FCA8000040004264811F4054831F40000400004C
:10FCB8000040004280811F4070831F400000020006
:10FCC800004000427C811F406C831F4000000100FF
:10FCD8000040004268811F4058831F400008000010
:10FCE800004000423C811F402C831F40010000005F
:10FCF8000040004244811F4034831F40040000003C
:10FD08000040004240811F4030831F400200000035
:10FD18000040004248811F4038831F40080000000F
:10FD28000000004204811F40F4821F4000000400CC
:10FD38000000004208811F40F8821F4000000800B0
:10FD48000000004218811F4008831F400000800007
:10FD58000000004214811F4004831F40000040003F
:10FD68000000004200811F40F0821F400000020096
:10FD780000000042FC801F40EC821F400000010090
:10FD88000000004224811F4014831F40000000042B
:10FD98000000004228811F4018831F40000000080F
:10FDA800000000421C811F400C831F40000000011E
:10FDB8000000004220811F4010831F400000000205
:10FDC80000000042EC801F40DC821F400010000051
:10FDD80000000042F0801F40E0821F400020000029
:10FDE8000000004234811F4024831F40000000406F
:10FDF8000000004238811F4028831F400000008017
:10FE08000080004294801F4084821F40000004004C
:10FE180000C0004290801F4080821F400000008088
:10FE280000800042A8801F4098821F400000800088
:10FE380000800042A4801F4094821F4000004000C0
:10FE4800004000426C811F405C831F40001000008E
:10FE580000C0004230801F4020821F408000000008
:10FE680000400042B0811F40A0831F4000000020D6
:10FE780000400042AC811F409C831F4000000010DE
:10FE88000040004284811F4074831F40000004002A
:10FE98000040004288811F4078831F40000008000E
:10FEA800000000422C811F401C831F4000000010EE
:10FEB8000000004230811F4020831F4000000020C6
:10FEC800000000420C811F40FC821F40000010000F
:10FED8000000004210811F4000831F4000002000E6
:10FEE80000800042C8811F40B8831F400080000086
:10FEF80000800042C4811F40B4831F4000400000BE
:10FF080000800042C0811F40B0831F4000200000D5
:10FF180000800042BC811F40AC831F4000100000DD
:10FF280000800042D0811F40C0831F4000000200B3
:10FF380000800042CC811F40BC831F4000000100AC
:10FF480000C0004274801F4064821F40000000010E
:10FF580000C0004280801F4070821F4000000008DF
:10FF680000C0004284801F4074821F4000000010BF
:10FF780000C000426C801F405C821F4000004000AF
:10FF880000C000427C801F406C821F4000000004BB
:10FF980000C0004278801F4068821F4000000002B5
:10FFA80000C0004288801F4078821F400000002067
:10FFB80001010004010000040132010101320201C3
:10FFC80001100101011101010112010201030206E0
:10FFD80001030106011202020200000102020001EF
:10FFE80002010001021000010222000102230001A7
:08FFF800000000000000000001
:02000004600199
:1000000002210001022000010000000000000000A9
:10001000013001010131010101020004010300046A
:100020000000000000000000012102010121010187
:1000300000000000000000000000000001100201AC
:100040000000000000000000011301060113020679
:1000500000000000000000000000000000000000A0
:100060000101020101010101010002010100010180
:100070000102020101020101000000000000000075
:100080000000000001230201000000000000000049
:10009000012001016572726F7246696C652E747879
:1000A00074000000000100005C1500201200000038
:1000B00000060000901F00600A000000000200001F
:1000C0002C1F00606200000000070000C81E0060D6
:1000D00062000000EE030000AC15002012000000DA
:1000E000000004EE8415002028000000000300003A
:1000F000C41E00600000000001030904AC1E006083
:100100000000000002030904941E006000000000CB
:1001100003030904C01500200000000000000000D7
:100120000000000000000000280E00200000000079
:1001300000000000501D0020B81D0020201E0020DF
:1001400000000000000000000000000000000000AF
:10015000000000000000000000000000000000009F
:10016000000000000000000000000000000000008F
:10017000000000000000000000000000000000007F
:10018000000000000000000000000000000000006F
:10019000000000000000000000000000000000005F
:1001A000000000000000000000000000000000004F
:1001B000000000000000000000000000000000003F
:1001C000000000000000000001000000000000002E
:1001D0000E33CDAB34126DE6ECDE05000B000000F3
:1001E000000000000000000000000000000000000F
:1001F00000000000000000000000000000000000FF
:1002000000000000000000000000000000000000EE
:1002100000000000000000000000000000000000DE
:1002200000000000000000000000000000000000CE
:1002300000000000000000000000000000000000BE
:1002400000000000000000000000000000000000AE
:100250000000000000000000000000004C0F002023
:100260004C0F0020540F0020540F00205C0F002082
:100270005C0F0020640F0020640F00206C0F002032
:100280006C0F0020740F0020740F00207C0F0020E2
:100290007C0F0020840F0020840F00208C0F002092
:1002A0008C0F0020940F0020940F00209C0F002042
:1002B0009C0F0020A40F0020A40F0020AC0F0020F2
:1002C000AC0F0020B40F0020B40F0020BC0F0020A2
:1002D000BC0F0020C40F0020C40F0020CC0F002052
:1002E000CC0F0020D40F0020D40F0020DC0F002002
:1002F000DC0F0020E40F0020E40F0020EC0F0020B2
:10030000EC0F0020F40F0020F40F0020FC0F002061
:10031000FC0F002004100020041000200C1000200E
:100320000C10002014100020141000201C100020BD
:100330001C10002024100020241000202C1000206D
:100340002C10002034100020341000203C1000201D
:100350003C10002044100020441000204C100020CD
:100360004C10002054100020541000205C1000207D
:100370005C10002064100020641000206C1000202D
:100380006C10002074100020741000207C100020DD
:100390007C10002084100020841000208C1000208D
:1003A0008C10002094100020941000209C1000203D
:1003B0009C100020A4100020A4100020AC100020ED
:1003C000AC100020B4100020B4100020BC1000209D
:1003D000BC100020C4100020C4100020CC1000204D
:1003E000CC100020D4100020D4100020DC100020FD
:1003F000DC100020E4100020E4100020EC100020AD
:10040000EC100020F4100020F4100020FC1000205C
:10041000FC10002004110020041100200C11002009
:100420000C11002014110020141100201C110020B8
:100430001C11002024110020241100202C11002068
:100440002C11002034110020341100203C11002018
:100450003C11002044110020441100204C110020C8
:100460004C11002054110020541100205C11002078
:100470005C11002064110020641100206C11002028
:100480006C11002074110020741100207C110020D8
:100490007C11002084110020841100208C11002088
:1004A0008C11002094110020941100209C11002038
:1004B0009C110020A4110020A4110020AC110020E8
:1004C000AC110020B4110020B4110020BC11002098
:1004D000BC110020C4110020C4110020CC11002048
:1004E000CC110020D4110020D4110020DC110020F8
:1004F000DC110020E4110020E4110020EC110020A8
:10050000EC110020F4110020F4110020FC11002057
:10051000FC11002004120020041200200C12002004
:100520000C12002014120020141200201C120020B3
:100530001C12002024120020241200202C12002063
:100540002C12002034120020341200203C12002013
:100550003C12002044120020441200204C120020C3
:100560004C12002054120020541200205C12002073
:100570005C12002064120020641200206C12002023
:100580006C12002074120020741200207C120020D3
:100590007C12002084120020841200208C12002083
:1005A0008C12002094120020941200209C12002033
:1005B0009C120020A4120020A4120020AC120020E3
:1005C000AC120020B4120020B4120020BC12002093
:1005D000BC120020C4120020C4120020CC12002043
:1005E000CC120020D4120020D4120020DC120020F3
:1005F000DC120020E4120020E4120020EC120020A3
:10060000EC120020F4120020F4120020FC12002052
:10061000FC12002004130020041300200C130020FF
:100620000C13002014130020141300201C130020AE
:100630001C13002024130020241300202C1300205E
:100640002C13002034130020341300203C1300200E
:100650003C1300204413002044130020FFFFFFFF41
:1006600000000200A81E00200029DE07007B9A1768
:1006700000003A4054060020000000000000000086
:10068000000000000000000000000000000000006A
:10069000000000000000000000000000000000005A
:1006A000000000000000000000000000000000004A
:1006B000000000000000000000000000000000003A
:1006C0006007002000000000E803000000000000B8
:1006D0008807002000000000E80300000000000080
:1006E00000C01940E8140020000000009C250020F4
:1006F0001C25002000000000000000002800000071
:100700004000000028000000400000000000000041
:1007100000000000000000000000000000000000D9
:1007200000000000000000000000000000000000C9
:100730008807002000000000E8030000000000001F
:10074000004019408814002000000000C42500204B
:100750005C250020000000000000000028000000D0
:1007600040000000280000004000000000000000E1
:100770000000000000000000000000000000000079
:100780000000000000000000000000000000000069
:1007900007180000F59D00000000000074C00F4025
:1007A0000C000000220000000100000048851F40EE
:1007B00001000000300000000200000048851F40DA
:1007C0000000000023000000010000004C851F40D5
:1007D00001000000FF000000FF000000000000001A
:1007E0000000000032024000260018007B000000DC
:1007F000061A0000E99D0000000000007CC00F40C8
:100800000000000C1C0000000200000058851F4082
:1008100001000000FF000000FF00000000000000D9
:10082000000000001D000000020000005C851F4069
:1008300001000000FF000000FF00000000000000B9
:1008400000000000FF004000260018007D000000AE
:100850000000000080000000FFFFFFFF803020202C
:100860000000204112010002EF020140C016830483
:100870008002010203010000B80700200000000010
:10088000E803000000000000000000002800000055
:1008900000010400010000000000000002015749AF
:1008A0004E55534200000000000000000000000010
:1008B0000000000012034D005300460054003100B8
:1008C00030003000F80000000C03000000000000C1
:1008D0000000000000000000000000000000000018
:1008E00000002041290CFF0800000000000000006B
:1008F00000000000000000000000000000000000F8
:1009000000000000000000000000000000000000E7
:1009100000000000000000000000000000000000D7
:1009200000000000000000000000000000000000C7
:1009300000000000000000000000000000000000B7
:1009400000000000000000000000000000000000A7
:100950000000000000000000000000000000000097
:100960000000000000000000000000000000000087
:100970000000000000000000000000000000000077
:100980000000000000000000000000000000000067
:100990000000000000000000000000000000000057
:1009A0000000000000000000000000000000000047
:1009B0000000000000000000000000000000000037
:1009C0000000000000000000000000000000000027
:1009D0000000000000000000000000000000000017
:1009E0000000000000000000000000000000000007
:1009F00000000000000000000000000000000000F7
:100A000000000000000000000000000000000000E6
:100A100000000000000000000000000000000000D6
:100A200000000000000000000000000000000000C6
:100A300000000000000000000000000000000000B6
:100A400000000000000000000000000000000000A6
:100A50000000000000000000000000000000000096
:100A60000000000000000000000000000000000086
:100A70000000000000000000000000000000000076
:100A80000000000000000000000000000000000066
:100A90000000000000000000000000000000000056
:100AA0000000000000000000000000000000000046
:100AB0000000000000000000000000000000000036
:100AC0000000000000000000000000000000000026
:100AD0000000000000000000000000000000000016
:100AE0000000000000000000000000000000000006
:100AF00000000000000000000000000000000000F6
:100B000000000000000000000000000000000000E5
:100B100000000000000000000000000000000000D5
:100B200000000000000000000000000000000000C5
:100B300000000000000000000000000000000000B5
:100B400000000000000000000000000000000000A5
:100B50000000000000000000000000000000000095
:100B60000000000000000000000000000000000085
:100B70000000000000000000000000000000000075
:100B80000000000000000000000000000000000065
:100B90000000000000000000000000000000000055
:100BA0000000000000000000000000000000000045
:100BB0000000000000000000000000000000000035
:100BC0000000000000000000000000000000000025
:100BD0000000000000000000000000000000000015
:100BE0000000000000000000000000000000000005
:100BF00000000000000000000000000000000000F5
:100C000000000000000000000000000000000000E4
:100C100000000000000000000000000000000000D4
:100C200000000000000000000000000000000000C4
:100C300000000000000000000000000000000000B4
:100C400000000000000000000000000000000000A4
:100C50000000000000000000000000000000000094
:100C60000000000000000000000000000000000084
:100C70000000000000000000000000000000000074
:100C80000000000000000000000000000000000064
:100C90000000000000000000000000000000000054
:100CA0000000000000000000000000000000000044
:100CB0000000000000000000000000000000000034
:100CC0000000000000000000000000000000000024
:100CD0000000000000000000000000000000000014
:100CE0000000000000000000000000000000000004
:100CF00000000000000000000000000000000000F4
:100D000000000000000000000000000000000000E3
:100D100000000000000000000000000000000000D3
:100D200000000000000000000000000000000000C3
:100D300000000000000000000000000000000000B3
:100D400000000000000000000000000000000000A3
:100D50000000000000000000000000000000000093
:100D60000000000000000000000000000000000083
:100D70000000000000000000000000000000000073
:100D80000000000000000000000000000000000063
:100D90000000000000000000000000000000000053
:100DA0000000000000000000000000000000000043
:100DB0000000000000000000000000000000000033
:080DC00000000000000000002B
:100DC800FFFFFFFFFFFFFFFFFFFFFFFFFFFFFFFF2B
:100DD800FFFFFFFFFFFFFFFFFFFFFFFFFFFFFFFF1B
:100DE800FFFFFFFFFFFFFFFFFFFFFFFFFFFFFFFF0B
:100DF800FFFFFFFFFFFFFFFFFFFFFFFFFFFFFFFFFB
:100E0800FFFFFFFFFFFFFFFFFFFFFFFFFFFFFFFFEA
:100E1800FFFFFFFFFFFFFFFFFFFFFFFFFFFFFFFFDA
:100E2800FFFFFFFFFFFFFFFFFFFFFFFFFFFFFFFFCA
:100E3800FFFFFFFFFFFFFFFFFFFFFFFFFFFFFFFFBA
:100E4800FFFFFFFFFFFFFFFFFFFFFFFFFFFFFFFFAA
:100E5800FFFFFFFFFFFFFFFFFFFFFFFFFFFFFFFF9A
:100E6800FFFFFFFFFFFFFFFFFFFFFFFFFFFFFFFF8A
:100E7800FFFFFFFFFFFFFFFFFFFFFFFFFFFFFFFF7A
:100E8800FFFFFFFFFFFFFFFFFFFFFFFFFFFFFFFF6A
:100E9800FFFFFFFFFFFFFFFFFFFFFFFFFFFFFFFF5A
:100EA800FFFFFFFFFFFFFFFFFFFFFFFFFFFFFFFF4A
:100EB800FFFFFFFFFFFFFFFFFFFFFFFFFFFFFFFF3A
:100EC800FFFFFFFFFFFFFFFFFFFFFFFFFFFFFFFF2A
:100ED800FFFFFFFFFFFFFFFFFFFFFFFFFFFFFFFF1A
:100EE800FFFFFFFFFFFFFFFFFFFFFFFFFFFFFFFF0A
:100EF800FFFFFFFFFFFFFFFFFFFFFFFFFFFFFFFFFA
:100F0800FFFFFFFFFFFFFFFFFFFFFFFFFFFFFFFFE9
:100F1800FFFFFFFFFFFFFFFFFFFFFFFFFFFFFFFFD9
:100F2800FFFFFFFFFFFFFFFFFFFFFFFFFFFFFFFFC9
:100F3800FFFFFFFFFFFFFFFFFFFFFFFFFFFFFFFFB9
:100F4800FFFFFFFFFFFFFFFFFFFFFFFFFFFFFFFFA9
:100F5800FFFFFFFFFFFFFFFFFFFFFFFFFFFFFFFF99
:100F6800FFFFFFFFFFFFFFFFFFFFFFFFFFFFFFFF89
:100F7800FFFFFFFFFFFFFFFFFFFFFFFFFFFFFFFF79
:100F8800FFFFFFFFFFFFFFFFFFFFFFFFFFFFFFFF69
:100F9800FFFFFFFFFFFFFFFFFFFFFFFFFFFFFFFF59
:100FA800FFFFFFFFFFFFFFFFFFFFFFFFFFFFFFFF49
:100FB800FFFFFFFFFFFFFFFFFFFFFFFFFFFFFFFF39
:100FC800FFFFFFFFFFFFFFFFFFFFFFFFFFFFFFFF29
:100FD800FFFFFFFFFFFFFFFFFFFFFFFFFFFFFFFF19
:100FE800FFFFFFFFFFFFFFFFFFFFFFFFFFFFFFFF09
:100FF800FFFFFFFFFFFFFFFF0000000000000000F1
:1010080000000000000000000000000000000000D8
:1010180000000000000000000000000000000000C8
:1010280000000000000000000000000000000000B8
:1010380000000000000000000000000000000000A8
:101048000000000000000000000000000000000098
:101058000000000000000000000000000000000088
:101068000000000000000000000000000000000078
:101078000000000000000000000000000000000068
:101088000000000000000000000000000000000058
:101098000000000000000000000000000000000048
:1010A8000000000000000000000000000000000038
:1010B8000000000000000000000000000000000028
:1010C8000000000000000000000000000000000018
:1010D8000000000000000000000000000000000008
:1010E80000000000000000000000000000000000F8
:1010F80000000000000000000000000000000000E8
:1011080000000000000000000000000000000000D7
:1011180000000000000000000000000000000000C7
:1011280000000000000000000000000000000000B7
:1011380000000000000000000000000000000000A7
:101148000000000000000000000000000000000097
:101158000000000000000000000000000000000087
:101168000000000000000000000000000000000077
:101178000000000000000000000000000000000067
:101188000000000000000000000000000000000057
:101198000000000000000000000000000000000047
:1011A8000000000000000000000000000000000037
:1011B8000000000000000000000000000000000027
:1011C8000000000000000000000000000000000017
:1011D8000000000000000000000000000000000007
:1011E80000000000000000000000000000000000F7
:1011F80000000000000000000000000000000000E7
:1012080000000000000000000000000000000000D6
:1012180000000000000000000000000000000000C6
:1012280000000000000000000000000000000000B6
:1012380000000000000000000000000000000000A6
:101248000000000000000000000000000000000096
:101258000000000000000000000000000000000086
:101268000000000000000000000000000000000076
:101278000000000000000000000000000000000066
:101288000000000000000000000000000000000056
:101298000000000000000000000000000000000046
:1012A8000000000000000000000000000000000036
:1012B8000000000000000000000000000000000026
:1012C8000000000000000000000000000000000016
:1012D8000000000000000000000000000000000006
:1012E80000000000000000000000000000000000F6
:1012F80000000000000000000000000000000000E6
:1013080000000000000000000000000000000000D5
:1013180000000000000000000000000000000000C5
:1013280000000000000000000000000000000000B5
:1013380000000000000000000000000000000000A5
:101348000000000000000000000000000000000095
:101358000000000000000000000000000000000085
:101368000000000000000000000000000000000075
:101378000000000000000000000000000000000065
:101388000000000000000000000000000000000055
:101398000000000000000000000000000000000045
:1013A8000000000000000000000000000000000035
:1013B8000000000000000000000000000000000025
:1013C8000000000000000000000000000000000015
:1013D8000000000000000000000000000000000005
:1013E80000000000000000000000000000000000F5
:1013F80000000000000000000000000000000000E5
:1014080000000000000000000000000000000000D4
:1014180000000000000000000000000000000000C4
:1014280000000000000000000000000000000000B4
:1014380000000000000000000000000000000000A4
:101448000000000000000000000000000000000094
:101458000000000000000000000000000000000084
:101468000000000000000000000000000000000074
:101478000000000000000000000000000000000064
:101488000000000000000000000000000000000054
:101498000000000000000000000000000000000044
:1014A8000000000000000000000000000000000034
:1014B8000000000000000000000000000000000024
:1014C8000000000000000000000000000000000014
:1014D8000000000000000000000000000000000004
:1014E80000000000000000000000000000000000F4
:1014F80000000000000000000000000000000000E4
:1015080000000000000000000000000000000000D3
:1015180000000000000000000000000000000000C3
:1015280000000000000000000000000000000000B3
:1015380000000000000000000000000000000000A3
:101548000000000000000000000000000000000093
:101558000000000000000000000000000000000083
:101568000000000000000000000000000000000073
:101578000000000000000000000000000000000063
:101588000000000000000000000000000000000053
:101598000000000000000000000000000000000043
:1015A8000000000000000000000000000000000033
:1015B8000000000000000000000000000000000023
:1015C8000000000000000000000000000000000013
:1015D8000000000000000000000000000000000003
:1015E80000000000000000000000000000000000F3
:1015F80000000000000000000000000000000000E3
:1016080000000000000000000000000000000000D2
:1016180000000000000000000000000000000000C2
:1016280000000000000000000000000000000000B2
:1016380000000000000000000000000000000000A2
:101648000000000000000000000000000000000092
:101658000000000000000000000000000000000082
:101668000000000000000000000000000000000072
:101678000000000000000000000000000000000062
:101688000000000000000000000000000000000052
:101698000000000000000000000000000000000042
:1016A8000000000000000000000000000000000032
:1016B8000000000000000000000000000000000022
:1016C8000000000000000000000000000000000012
:1016D8000000000000000000000000000000000002
:1016E80000000000000000000000000000000000F2
:1016F80000000000000000000000000000000000E2
:1017080000000000000000000000000000000000D1
:1017180000000000000000000000000000000000C1
:1017280000000000000000000000000000000000B1
:1017380000000000000000000000000000000000A1
:101748000000000000000000000000000000000091
:101758000000000000000000000000000000000081
:101768000000000000000000000000000000000071
:101778000000000000000000000000000000000061
:101788000000000000000000000000000000000051
:101798000000000000000000000000000000000041
:1017A8000000000000000000000000000000000031
:1017B8000000000000000000000000000000000021
:1017C8000000000000000000000000000000000011
:1017D8000000000000000000000000000000000001
:1017E80000000000000000000000000000000000F1
:1017F80000000000000000000000000000000000E1
:1018080000000000000000000000000000000000D0
:1018180000000000000000000000000000000000C0
:1018280000000000000000000000000000000000B0
:1018380000000000000000000000000000000000A0
:101848000000000000000000000000000000000090
:101858000000000000000000000000000000000080
:101868000000000000000000000000000000000070
:101878000000000000000000000000000000000060
:101888000000000000000000000000000000000050
:101898000000000000000000000000000000000040
:1018A8000000000000000000000000000000000030
:1018B8000000000000000000000000000000000020
:1018C8000000000000000000000000000000000010
:1018D8000000000000000000000000000000000000
:1018E80000000000000000000000000000000000F0
:1018F80000000000000000000000000000000000E0
:1019080000000000000000000000000000000000CF
:1019180000000000000000000000000000000000BF
:1019280000000000000000000000000000000000AF
:10193800000000000000000000000000000000009F
:10194800000000000000000000000000000000008F
:10195800000000000000000000000000000000007F
:10196800000000000000000000000000000000006F
:10197800000000000000000000000000000000005F
:10198800000000000000000000000000000000004F
:10199800000000000000000000000000000000003F
:1019A800000000000000000000000000000000002F
:1019B800000000000000000000000000000000001F
:1019C800000000000000000000000000000000000F
:1019D80000000000000000000000000000000000FF
:1019E80000000000000000000000000000000000EF
:1019F80000000000000000000000000000000000DF
:101A080000000000000000000000000000000000CE
:101A180000000000000000000000000000000000BE
:101A280000000000000000000000000000000000AE
:101A3800000000000000000000000000000000009E
:101A4800000000000000000000000000000000008E
:101A5800000000000000000000000000000000007E
:101A6800000000000000000000000000000000006E
:101A7800000000000000000000000000000000005E
:101A8800000000000000000000000000000000004E
:101A9800000000000000000000000000000000003E
:101AA800000000000000000000000000000000002E
:101AB800000000000000000000000000000000001E
:101AC800000000000000000000000000000000000E
:101AD80000000000000000000000000000000000FE
:101AE80000000000000000000000000000000000EE
:101AF80000000000000000000000000000000000DE
:101B080000000000000000000000000000000000CD
:101B180000000000000000000000000000000000BD
:101B280000000000000000000000000000000000AD
:101B3800000000000000000000000000000000009D
:101B4800000000000000000000000000000000008D
:101B5800000000000000000000000000000000007D
:101B6800000000000000000000000000000000006D
:101B7800000000000000000000000000000000005D
:101B8800000000000000000000000000000000004D
:101B9800000000000000000000000000000000003D
:101BA800000000000000000000000000000000002D
:101BB800000000000000000000000000000000001D
:101BC800000000000000000000000000000000000D
:101BD80000000000000000000000000000000000FD
:101BE80000000000000000000000000000000000ED
:081BF8000000000000000000E5
:040000056000100087
:00000001FF
